1777294316,98,崩壊：スターレイル x MAPPA オリジナルアニメ·コンセプトPV 「午後の死」,https://www.youtube.com/watch?v=KM7KoZM9wKE,156
1777294343,98,崩壊：スターレイル x MAPPA オリジナルアニメ·コンセプトPV 「午後の死」,https://www.youtube.com/watch?v=KM7KoZM9wKE,156
1777294792,91,【崩壊：スターレイル】ファイノン キャラクターPV 「烈日の栄冠」,https://www.youtube.com/watch?v=SLCb7Rm9748,149
1777295186,77,【崩壊スターレイル】 Ver.4.0PV 「月満ちる時に神はなし」,https://www.youtube.com/watch?v=EMT6GmhDiBk,135
1777295228,77,【崩壊スターレイル】 Ver.4.0PV 「月満ちる時に神はなし」,https://www.youtube.com/watch?v=EMT6GmhDiBk,135
1777295486,61,Version 2.0 Music Video — "WHITE NIGHT" | Honkai: Star Rail,https://www.youtube.com/watch?v=U7W8QR9fsFw,119
1777299964,36,Lý Bực - 8 Dặm (Official Video),https://www.youtube.com/watch?v=6ksjvsvIUwo,94
1777300567,32,Lý Bực Ớt Cay Xè | 8 dặm,https://www.youtube.com/watch?v=GvS6_vaBbgE,90
1777300908,36,Lý Bực - 8 Dặm (Official Video),https://www.youtube.com/watch?v=6ksjvsvIUwo,94
1777301219,40,Lý Bực - Xin Em (Official Visualizer),https://www.youtube.com/watch?v=8xHF4CGMrY0,98
1777303029,,,/home/nhut/qylock/Assets/wuwa.gif,46
1777303045,,,/home/nhut/qylock/themes/enfield/bg.mp4,52
1777303054,,,/home/nhut/qylock/themes/forest/bg.mp4,51
1777303084,,,/home/nhut/qylock/themes/R1999_2/bg.mp4,52
1777303091,,,/home/nhut/qylock/themes/pixel-rainyroom/bg.mp4,60
1777303096,,,/home/nhut/qylock/themes/pixel-skyscrapers/bg.mp4,62
1777303107,,,/home/nhut/qylock/themes/wuwa/bg.mp4,49
1777303136,,,/home/nhut/qylock/themes/dog-samurai/bg.mp4,56
1777303144,,,/home/nhut/qylock/themes/pixel-hollowknight/bg.mp4,63
1777303154,66,Genshin impact main menu (DAWN) theme 2k resolution live wallpaper,/home/nhut/qylock/themes/Genshin/dawn.mp4,122
1777303166,65,Genshin impact main menu (DAY) theme 2k resolution live wallpaper,/home/nhut/qylock/themes/Genshin/day.mp4,120
1777303183,,,/home/nhut/qylock/themes/last-of-us/bg.mp4,55
1777376889,66,Jujutsu Kaisen Season 3 - Opening FULL "AIZO" by King Gnu (Lyrics),https://www.youtube.com/watch?v=0fxU_XmgvaM,124
1777451572,97,NIPPON.SANGOKU.The.Three.Nations.of.the.Crimson.Sun.S01E03.AMZN.WEB-DL.DUAL.DDP2.0.AV1-Sokudo.mkv,http://localhost:8090/stream/NIPPON%2ESANGOKU%2EThe%2EThree%2ENations%2Eof%2Ethe%2ECrimson%2ESun%2ES01E03%2EAMZN%2EWEB%2DDL%2EDUAL%2EDDP2%2E0%2EAV1%2DSokudo%2Emkv?play&index=1&link=https%3A%2F%2Fanimetosho%2Eorg%2Fstorage%2Ftorrent%2Fd943a8ab934bd68efc657b8cfa3c06dbeb7d328f%2FNIPPON%2ESANGOKU%2EThe%2EThree%2ENations%2Eof%2Ethe%2ECrimson%2ESun%2ES01E03%2EAMZN%2EWEB%2DDL%2EDUAL%2EDDP2%2E0%2EAV1%2DSokudo%2Etorrent,526
1777466407,36,Lý Bực - 8 Dặm (Official Video),https://youtube.com/embed/6ksjvsvIUwo,88
1777466412,36,Lý Bực - 8 Dặm (Official Video),https://youtube.com/embed/6ksjvsvIUwo,88
1777466476,100,【崩壊：スターレイル】銀狼LV.999 キャラクターPV 「私だけカンストな件」,https://youtube.com/embed/LkxwwIyXJxE,153
1777475793,36,Lý Bực - 8 Dặm (Official Video),https://youtube.com/embed/6ksjvsvIUwo,88
1777475880,67,How to Install and Configure Neovim (2026 Edition) | Full IDE Guide,https://youtube.com/embed/46z_h4bNzjk,119
1777475896,67,How to Install and Configure Neovim (2026 Edition) | Full IDE Guide,https://youtube.com/embed/46z_h4bNzjk,119
1777509474,,,http://127.0.0.1:11470/947d8deca12709e74cbdd9d14ba7c6234ccecd27/0?tr=tracker%3Audp%3A%2F%2Ftracker.opentrackr.org%3A1337%2Fannounce&tr=tracker%3Audp%3A%2F%2Fopen.demonii.com%3A1337%2Fannounce&tr=tracker%3Audp%3A%2F%2Fopen.stealth.si%3A80%2Fannounce&tr=tracker%3Audp%3A%2F%2Ftracker.torrent.eu.org%3A451%2Fannounce&tr=tracker%3Audp%3A%2F%2Ftracker.qu.ax%3A6969%2Fannounce&tr=tracker%3Audp%3A%2F%2Ftracker.bittor.pw%3A1337%2Fannounce&tr=tracker%3Audp%3A%2F%2Ftracker.004430.xyz%3A1337%2Fannounce&tr=tracker%3Audp%3A%2F%2Ftracker-udp.gbitt.info%3A80%2Fannounce&tr=tracker%3Audp%3A%2F%2Ft.overflow.biz%3A6969%2Fannounce&tr=tracker%3Audp%3A%2F%2Fbittorrent-tracker.e-n-c-r-y-p-t.net%3A1337%2Fannounce&tr=tracker%3Audp%3A%2F%2F6ahddutb1ucc3cp.ru%3A6969%2Fannounce&tr=tracker%3Ahttps%3A%2F%2Ftracker.zhuqiy.com%3A443%2Fannounce&tr=tracker%3Ahttps%3A%2F%2Ftracker.yemekyedim.com%3A443%2Fannounce&tr=tracker%3Ahttps%3A%2F%2Ftracker.pmman.tech%3A443%2Fannounce&tr=tracker%3Ahttps%3A%2F%2Ftracker.nekomi.cn%3A443%2Fannounce&tr=tracker%3Ahttps%3A%2F%2Ftracker.moeblog.cn%3A443%2Fannounce&tr=tracker%3Ahttps%3A%2F%2Ftracker.ghostchu-services.top%3A443%2Fannounce&tr=tracker%3Ahttps%3A%2F%2Ftracker.gcrenwp.top%3A443%2Fannounce&tr=tracker%3Ahttps%3A%2F%2Ftracker.bt4g.com%3A443%2Fannounce&tr=tracker%3Ahttps%3A%2F%2Ftr.nyacat.pw%3A443%2Fannounce&tr=tracker%3Ahttp%3A%2F%2Fnyaa.tracker.wf%3A7777%2Fannounce&tr=tracker%3Ahttp%3A%2F%2Fanidex.moe%3A6969%2Fannounce&tr=tracker%3Ahttp%3A%2F%2Ftracker.anirena.com%3A80%2Fannounce&tr=tracker%3Audp%3A%2F%2Ftracker.uw0.xyz%3A6969%2Fannounce&tr=tracker%3Ahttp%3A%2F%2Fshare.camoe.cn%3A8080%2Fannounce&tr=tracker%3Ahttp%3A%2F%2Ft.nyaatracker.com%3A80%2Fannounce&tr=dht%3A947d8deca12709e74cbdd9d14ba7c6234ccecd27,1749
1777510385,,,http://127.0.0.1:11470/a5bea17a923ebfbe0bc63fab8edc1a73cd3f4b6a/-1?,80
1777510895,,,http://127.0.0.1:11470/f289154bdbde16f8cfc20ad1f4202b8ff4b1221c/0?tr=tracker%3Audp%3A%2F%2Ftracker.opentrackr.org%3A1337%2Fannounce&tr=tracker%3Audp%3A%2F%2Fopen.demonii.com%3A1337%2Fannounce&tr=tracker%3Audp%3A%2F%2Fopen.stealth.si%3A80%2Fannounce&tr=tracker%3Audp%3A%2F%2Ftracker.torrent.eu.org%3A451%2Fannounce&tr=tracker%3Audp%3A%2F%2Ftracker.qu.ax%3A6969%2Fannounce&tr=tracker%3Audp%3A%2F%2Ftracker.bittor.pw%3A1337%2Fannounce&tr=tracker%3Audp%3A%2F%2Ftracker.004430.xyz%3A1337%2Fannounce&tr=tracker%3Audp%3A%2F%2Ftracker-udp.gbitt.info%3A80%2Fannounce&tr=tracker%3Audp%3A%2F%2Ft.overflow.biz%3A6969%2Fannounce&tr=tracker%3Audp%3A%2F%2Fbittorrent-tracker.e-n-c-r-y-p-t.net%3A1337%2Fannounce&tr=tracker%3Audp%3A%2F%2F6ahddutb1ucc3cp.ru%3A6969%2Fannounce&tr=tracker%3Ahttps%3A%2F%2Ftracker.zhuqiy.com%3A443%2Fannounce&tr=tracker%3Ahttps%3A%2F%2Ftracker.yemekyedim.com%3A443%2Fannounce&tr=tracker%3Ahttps%3A%2F%2Ftracker.pmman.tech%3A443%2Fannounce&tr=tracker%3Ahttps%3A%2F%2Ftracker.nekomi.cn%3A443%2Fannounce&tr=tracker%3Ahttps%3A%2F%2Ftracker.moeblog.cn%3A443%2Fannounce&tr=tracker%3Ahttps%3A%2F%2Ftracker.ghostchu-services.top%3A443%2Fannounce&tr=tracker%3Ahttps%3A%2F%2Ftracker.gcrenwp.top%3A443%2Fannounce&tr=tracker%3Ahttps%3A%2F%2Ftracker.bt4g.com%3A443%2Fannounce&tr=tracker%3Ahttps%3A%2F%2Ftr.nyacat.pw%3A443%2Fannounce&tr=tracker%3Ahttp%3A%2F%2Fnyaa.tracker.wf%3A7777%2Fannounce&tr=tracker%3Ahttp%3A%2F%2Fanidex.moe%3A6969%2Fannounce&tr=tracker%3Ahttp%3A%2F%2Ftracker.anirena.com%3A80%2Fannounce&tr=tracker%3Audp%3A%2F%2Ftracker.uw0.xyz%3A6969%2Fannounce&tr=tracker%3Ahttp%3A%2F%2Fshare.camoe.cn%3A8080%2Fannounce&tr=tracker%3Ahttp%3A%2F%2Ft.nyaatracker.com%3A80%2Fannounce&tr=dht%3Af289154bdbde16f8cfc20ad1f4202b8ff4b1221c,1749
1777549474,66,Alo tôi đánh giá à, ừ anh chào abcxyz của bạn #27 nhé,https://youtube.com/embed/BCzAh2d-9qI,118
1777552967,121,ReZERO.-Starting.Life.in.Another.World-.S04E04.A.White.Sky.Asterism.1080p.CR.WEB-DL.MULTi.AAC2.0.H.264.MSubs-ToonsHub.mkv,http://localhost:8090/stream/ReZERO%2E%2DStarting%2ELife%2Ein%2EAnother%2EWorld%2D%2ES04E04%2EA%2EWhite%2ESky%2EAsterism%2E1080p%2ECR%2EWEB%2DDL%2EMULTi%2EAAC2%2E0%2EH%2E264%2EMSubs%2DToonsHub%2Emkv?play&index=1&link=https%3A%2F%2Fanimetosho%2Eorg%2Fstorage%2Ftorrent%2Fc268da2b97b7d388913674d65ff117bf9a21b013%2FReZERO%2E%2DStarting%2ELife%2Ein%2EAnother%2EWorld%2D%2ES04E04%2EA%2EWhite%2ESky%2EAsterism%2E1080p%2ECR%2EWEB%2DDL%2EMULTi%2EAAC2%2E0%2EH%2E264%2EMSubs%2DToonsHub%2Etorrent,623
1777554755,60,「Creditless」Re:ZERO Season 4 OP / Opening「UHD 60FPS」,https://youtube.com/embed/BIz3B88JbNc,112
1777555016,76,Re:ZERO Season 4 OP / Opening "Recollect" by Konomi Suzuki ft. Ashnikko [4K],https://youtube.com/embed/tVTNTOa84g8,128
1777560836,60,「Creditless」Re:ZERO Season 4 OP / Opening「UHD 60FPS」,https://youtube.com/embed/BIz3B88JbNc,112
1777639364,37,[Hyprland] My Arch Hypr Rice Showcase,https://youtube.com/embed/j_eCc8s1v3M,89
1777652176,69,Độ Mixi - Quỷ Khói & Tày Note ft. Mappa | BRAINROT MUSIC VIDEO,https://youtube.com/embed/8FrhYIFDTTc,121
1777710493,,,/home/nhut/Ảnh/wallpaper/ba6.webp,48
1777710493,,,/home/nhut/Ảnh/wallpaper/Blue-Archive-Where-All-Miracles-Begin-scaled.jpg,88
1777710494,,,/home/nhut/Ảnh/wallpaper/bomb.jpg,48
1777710494,,,/home/nhut/Ảnh/wallpaper/cafe.jpg,48
1777710495,,,/home/nhut/Ảnh/wallpaper/catorice.jpg,52
1777710495,,,/home/nhut/Ảnh/wallpaper/catorice1.jpg,53
1777710495,,,/home/nhut/Ảnh/wallpaper/csm.jpg,47
1777710496,,,/home/nhut/Ảnh/wallpaper/csm1.jpg,48
1777710700,,,/home/nhut/Ảnh/wallpaper/ba4.jpg,47
1777710700,,,/home/nhut/Ảnh/wallpaper/ba5.jpg,47
1777710700,,,/home/nhut/Ảnh/wallpaper/ba6.webp,48
1777710700,,,/home/nhut/Ảnh/wallpaper/Blue-Archive-Where-All-Miracles-Begin-scaled.jpg,88
1777710700,,,/home/nhut/Ảnh/wallpaper/bomb.jpg,48
1777710701,,,/home/nhut/Ảnh/wallpaper/cafe.jpg,48
1777710701,,,/home/nhut/Ảnh/wallpaper/catorice.jpg,52
1777710702,,,/home/nhut/Ảnh/wallpaper/catorice1.jpg,53
1777710702,,,/home/nhut/Ảnh/wallpaper/csm.jpg,47
1777710702,,,/home/nhut/Ảnh/wallpaper/csm1.jpg,48
1777775926,141,『僕のヒーローアカデミア』No.170+1「More」OPノンクレジット版／OPテーマ：「THE REVO」ポルノグラフィティ,https://www.youtube.com/watch?v=OC02sw6zn90,200
1777893119,,,/run/user/1000/gvfs/ftp:host=192.168.1.88,port=2221,user=anonymous/KamenRiderZeztz_2025_JP_032.vie.mkv,115
1777893249,,,/run/user/1000/gvfs/ftp:host=192.168.1.88,port=2221,user=anonymous/KamenRiderZeztz_2025_JP_032.vie.mkv,115
1777893280,,,/run/user/1000/gvfs/ftp:host=192.168.1.88,port=2221,user=anonymous/KamenRiderZeztz_2025_JP_032.vie.mkv,115
1777893749,,,/run/user/1000/gvfs/ftp:host=192.168.1.88,port=2221,user=anonymous/KamenRiderZeztz_2025_JP_032.vie.mkv,115
1777893810,,,/run/user/1000/gvfs/ftp:host=192.168.1.88,port=2221,user=anonymous/KamenRiderZeztz_2025_JP_032.vie.mkv,115
1777895627,,,/run/user/1000/gvfs/ftp:host=192.168.1.88,port=2221,user=anonymous/KamenRiderZeztz_2025_JP_032.vie.mkv,115
1777897223,,,/run/user/1000/gvfs/ftp:host=192.168.1.88,port=2221,user=anonymous/KamenRiderZeztz_2025_JP_032.vie.mkv,115
1777898039,18,Case32　超える,/run/user/1000/gvfs/mtp:host=Xiaomi_Redmi_10C_2ba25cd9/Bộ nhớ trong dùng chung/Movies/KamenRiderZeztz_2025_JP_032.vie.mkv,159
1777898146,,,/run/user/1000/gvfs/mtp:host=Xiaomi_Redmi_10C_2ba25cd9/Bộ nhớ trong dùng chung/Movies/KamenRiderZeztz_2025_JP_033.vie.mkv,139
1777898154,,,/run/user/1000/gvfs/mtp:host=Xiaomi_Redmi_10C_2ba25cd9/Bộ nhớ trong dùng chung/Movies/KamenRiderZeztz_2025_JP_033.vie.mkv,139
1777899692,,,/run/user/1000/gvfs/mtp:host=Xiaomi_Redmi_10C_2ba25cd9/Bộ nhớ trong dùng chung/Movies/recording_20260501_231232.mp4,133
1777903008,,,http://127.0.0.1:11470/99ce875cb9549082213f65d723caf51dcc12501a/1?tr=tracker%3Audp%3A%2F%2Ftracker.opentrackr.org%3A1337%2Fannounce&tr=tracker%3Audp%3A%2F%2Fopen.demonii.com%3A1337%2Fannounce&tr=tracker%3Audp%3A%2F%2Fopen.stealth.si%3A80%2Fannounce&tr=tracker%3Audp%3A%2F%2Fvito-tracker.space%3A6969%2Fannounce&tr=tracker%3Audp%3A%2F%2Fvito-tracker.duckdns.org%3A6969%2Fannounce&tr=tracker%3Audp%3A%2F%2Ftracker.torrent.eu.org%3A451%2Fannounce&tr=tracker%3Audp%3A%2F%2Ftracker.theoks.net%3A6969%2Fannounce&tr=tracker%3Audp%3A%2F%2Ftracker.corpscorp.online%3A80%2Fannounce&tr=tracker%3Audp%3A%2F%2Ftracker.bittor.pw%3A1337%2Fannounce&tr=tracker%3Audp%3A%2F%2Ftracker.004430.xyz%3A1337%2Fannounce&tr=tracker%3Audp%3A%2F%2Ftorrents.tmtime.dev%3A6969%2Fannounce&tr=tracker%3Audp%3A%2F%2Ft.overflow.biz%3A6969%2Fannounce&tr=tracker%3Audp%3A%2F%2Fleet-tracker.moe%3A1337%2Fannounce&tr=tracker%3Audp%3A%2F%2Fbittorrent-tracker.e-n-c-r-y-p-t.net%3A1337%2Fannounce&tr=tracker%3Ahttps%3A%2F%2Ftracker.zhuqiy.com%3A443%2Fannounce&tr=tracker%3Ahttps%3A%2F%2Ftracker.yemekyedim.com%3A443%2Fannounce&tr=tracker%3Ahttps%3A%2F%2Ftracker.pmman.tech%3A443%2Fannounce&tr=tracker%3Ahttps%3A%2F%2Ftracker.nekomi.cn%3A443%2Fannounce&tr=tracker%3Ahttps%3A%2F%2Ftracker.7471.top%3A443%2Fannounce&tr=tracker%3Ahttps%3A%2F%2Ftorrents.tmtime.dev%3A443%2Fannounce&tr=tracker%3Ahttp%3A%2F%2Fnyaa.tracker.wf%3A7777%2Fannounce&tr=tracker%3Ahttp%3A%2F%2Fanidex.moe%3A6969%2Fannounce&tr=tracker%3Ahttp%3A%2F%2Ftracker.anirena.com%3A80%2Fannounce&tr=tracker%3Audp%3A%2F%2Ftracker.uw0.xyz%3A6969%2Fannounce&tr=tracker%3Ahttp%3A%2F%2Fshare.camoe.cn%3A8080%2Fannounce&tr=tracker%3Ahttp%3A%2F%2Ft.nyaatracker.com%3A80%2Fannounce&tr=dht%3A99ce875cb9549082213f65d723caf51dcc12501a,1753
1777904062,,,http://127.0.0.1:11470/99ce875cb9549082213f65d723caf51dcc12501a/9?tr=tracker%3Audp%3A%2F%2Ftracker.opentrackr.org%3A1337%2Fannounce&tr=tracker%3Audp%3A%2F%2Fopen.demonii.com%3A1337%2Fannounce&tr=tracker%3Audp%3A%2F%2Fopen.stealth.si%3A80%2Fannounce&tr=tracker%3Audp%3A%2F%2Fvito-tracker.space%3A6969%2Fannounce&tr=tracker%3Audp%3A%2F%2Fvito-tracker.duckdns.org%3A6969%2Fannounce&tr=tracker%3Audp%3A%2F%2Ftracker.torrent.eu.org%3A451%2Fannounce&tr=tracker%3Audp%3A%2F%2Ftracker.theoks.net%3A6969%2Fannounce&tr=tracker%3Audp%3A%2F%2Ftracker.corpscorp.online%3A80%2Fannounce&tr=tracker%3Audp%3A%2F%2Ftracker.bittor.pw%3A1337%2Fannounce&tr=tracker%3Audp%3A%2F%2Ftracker.004430.xyz%3A1337%2Fannounce&tr=tracker%3Audp%3A%2F%2Ftorrents.tmtime.dev%3A6969%2Fannounce&tr=tracker%3Audp%3A%2F%2Ft.overflow.biz%3A6969%2Fannounce&tr=tracker%3Audp%3A%2F%2Fleet-tracker.moe%3A1337%2Fannounce&tr=tracker%3Audp%3A%2F%2Fbittorrent-tracker.e-n-c-r-y-p-t.net%3A1337%2Fannounce&tr=tracker%3Ahttps%3A%2F%2Ftracker.zhuqiy.com%3A443%2Fannounce&tr=tracker%3Ahttps%3A%2F%2Ftracker.yemekyedim.com%3A443%2Fannounce&tr=tracker%3Ahttps%3A%2F%2Ftracker.pmman.tech%3A443%2Fannounce&tr=tracker%3Ahttps%3A%2F%2Ftracker.nekomi.cn%3A443%2Fannounce&tr=tracker%3Ahttps%3A%2F%2Ftracker.7471.top%3A443%2Fannounce&tr=tracker%3Ahttps%3A%2F%2Ftorrents.tmtime.dev%3A443%2Fannounce&tr=tracker%3Ahttp%3A%2F%2Fnyaa.tracker.wf%3A7777%2Fannounce&tr=tracker%3Ahttp%3A%2F%2Fanidex.moe%3A6969%2Fannounce&tr=tracker%3Ahttp%3A%2F%2Ftracker.anirena.com%3A80%2Fannounce&tr=tracker%3Audp%3A%2F%2Ftracker.uw0.xyz%3A6969%2Fannounce&tr=tracker%3Ahttp%3A%2F%2Fshare.camoe.cn%3A8080%2Fannounce&tr=tracker%3Ahttp%3A%2F%2Ft.nyaatracker.com%3A80%2Fannounce&tr=dht%3A99ce875cb9549082213f65d723caf51dcc12501a,1753
1777904851,,,http://127.0.0.1:11470/99ce875cb9549082213f65d723caf51dcc12501a/9?tr=tracker%3Audp%3A%2F%2Ftracker.opentrackr.org%3A1337%2Fannounce&tr=tracker%3Audp%3A%2F%2Fopen.demonii.com%3A1337%2Fannounce&tr=tracker%3Audp%3A%2F%2Fopen.stealth.si%3A80%2Fannounce&tr=tracker%3Audp%3A%2F%2Fvito-tracker.space%3A6969%2Fannounce&tr=tracker%3Audp%3A%2F%2Fvito-tracker.duckdns.org%3A6969%2Fannounce&tr=tracker%3Audp%3A%2F%2Ftracker.torrent.eu.org%3A451%2Fannounce&tr=tracker%3Audp%3A%2F%2Ftracker.theoks.net%3A6969%2Fannounce&tr=tracker%3Audp%3A%2F%2Ftracker.corpscorp.online%3A80%2Fannounce&tr=tracker%3Audp%3A%2F%2Ftracker.bittor.pw%3A1337%2Fannounce&tr=tracker%3Audp%3A%2F%2Ftracker.004430.xyz%3A1337%2Fannounce&tr=tracker%3Audp%3A%2F%2Ftorrents.tmtime.dev%3A6969%2Fannounce&tr=tracker%3Audp%3A%2F%2Ft.overflow.biz%3A6969%2Fannounce&tr=tracker%3Audp%3A%2F%2Fleet-tracker.moe%3A1337%2Fannounce&tr=tracker%3Audp%3A%2F%2Fbittorrent-tracker.e-n-c-r-y-p-t.net%3A1337%2Fannounce&tr=tracker%3Ahttps%3A%2F%2Ftracker.zhuqiy.com%3A443%2Fannounce&tr=tracker%3Ahttps%3A%2F%2Ftracker.yemekyedim.com%3A443%2Fannounce&tr=tracker%3Ahttps%3A%2F%2Ftracker.pmman.tech%3A443%2Fannounce&tr=tracker%3Ahttps%3A%2F%2Ftracker.nekomi.cn%3A443%2Fannounce&tr=tracker%3Ahttps%3A%2F%2Ftracker.7471.top%3A443%2Fannounce&tr=tracker%3Ahttps%3A%2F%2Ftorrents.tmtime.dev%3A443%2Fannounce&tr=tracker%3Ahttp%3A%2F%2Fnyaa.tracker.wf%3A7777%2Fannounce&tr=tracker%3Ahttp%3A%2F%2Fanidex.moe%3A6969%2Fannounce&tr=tracker%3Ahttp%3A%2F%2Ftracker.anirena.com%3A80%2Fannounce&tr=tracker%3Audp%3A%2F%2Ftracker.uw0.xyz%3A6969%2Fannounce&tr=tracker%3Ahttp%3A%2F%2Fshare.camoe.cn%3A8080%2Fannounce&tr=tracker%3Ahttp%3A%2F%2Ft.nyaatracker.com%3A80%2Fannounce&tr=dht%3A99ce875cb9549082213f65d723caf51dcc12501a,1753
1778075407,51,[GSGA] Nisemonogatari - 01 [BDRip 1080p HEVC][Opus],/home/nhut/Movies/3 - Nisemonogatari (2012)/[GSGA] Nisemonogatari - 01 [BDRip 1080p HEVC][Opus] [6EF91746].mkv,176
1778075588,51,[GSGA] Nisemonogatari - 01 [BDRip 1080p HEVC][Opus],/home/nhut/Movies/3 - Nisemonogatari (2012)/[GSGA] Nisemonogatari - 01 [BDRip 1080p HEVC][Opus] [6EF91746].mkv,176
1778077312,51,[GSGA] Nisemonogatari - 02 [BDRip 1080p HEVC][Opus],/home/nhut/Movies/3 - Nisemonogatari (2012)/[GSGA] Nisemonogatari - 02 [BDRip 1080p HEVC][Opus] [A3D6CBA7].mkv,176
1778226313,,,https://i.ytimg.com/vi/4t9qagPYYKU/hq720.jpg?sqp=-oaymwEcCNAFEJQDSFXyq4qpAw4IARUAAIhCGAFwAcABBg==&rs=AOn4CLAn93exPogM6gejUzYTJdHHY3PeDA,148
1778226351,52,Ironmouse hủy hợp đồng với NTE vì dùng AI,https://www.youtube.com/watch?v=4t9qagPYYKU,110
1778226390,,,https://i.ytimg.com/vi/M_lGMKtOMLI/hqdefault.jpg?sqp=-oaymwEcCNACELwBSFXyq4qpAw4IARUAAIhCGAFwAcABBg==&rs=AOn4CLA3bu7_0OfPs0NLl-gPGr0p7Hu1QA,152
1778226427,126,Nói chuyện về văn học, nữ quyền, và nhiều thứ khác cùng giáo viên văn (cuối giờ bonus reaction rác),https://www.youtube.com/watch?v=M_lGMKtOMLI&t=3646s,193
1778226555,126,Nói chuyện về văn học, nữ quyền, và nhiều thứ khác cùng giáo viên văn (cuối giờ bonus reaction rác),https://www.youtube.com/watch?v=M_lGMKtOMLI&t=3646s,193
1778227007,126,Nói chuyện về văn học, nữ quyền, và nhiều thứ khác cùng giáo viên văn (cuối giờ bonus reaction rác),https://www.youtube.com/watch?v=M_lGMKtOMLI&t=3646s,193
1778228935,15,Case33　現る,http://localhost:8888/webtorrent/b12be40d2269a696c23ae3fca9628e5f30593af9/%5BEternalSleeper%5D%20Kamen%20Rider%20Zeztz%20-%20%2033%20%5BAMZN%5D%20%5B091DB1E5%5D.mkv,194
1778229729,41,Bocchi the Rock! - S01E07 - To Your House,http://localhost:8888/webtorrent/b43a5b965ae367c11457d0f93c5c130dd66bd1f0/Bocchi%20the%20Rock!%20-%20Season%2001v3%20(S01)%20(BD%201080p%20HEVC%20Opus%202.0)%20%5BRecluse%5D/%5BRecluse%5D%20Bocchi%20the%20Rock!%20-%20S01E07v2%20(BD%201080p%20HEVC%20Opus%202.0)%20%5B8CD54534%5D.mkv,337
1778229909,49,Bocchi the Rock! - S01E01 - Lonely Rolling Bocchi,http://localhost:8888/webtorrent/b43a5b965ae367c11457d0f93c5c130dd66bd1f0/Bocchi%20the%20Rock!%20-%20Season%2001v3%20(S01)%20(BD%201080p%20HEVC%20Opus%202.0)%20%5BRecluse%5D/%5BRecluse%5D%20Bocchi%20the%20Rock!%20-%20S01E01v2%20(BD%201080p%20HEVC%20Opus%202.0)%20%5BA85957DC%5D.mkv,345
1778229975,42,Bocchi the Rock! - S01E03 - Be Right There,http://localhost:8888/webtorrent/b43a5b965ae367c11457d0f93c5c130dd66bd1f0/Bocchi%20the%20Rock!%20-%20Season%2001v3%20(S01)%20(BD%201080p%20HEVC%20Opus%202.0)%20%5BRecluse%5D/%5BRecluse%5D%20Bocchi%20the%20Rock!%20-%20S01E03v2%20(BD%201080p%20HEVC%20Opus%202.0)%20%5B58C2A59E%5D.mkv,338
1778230835,,,http://localhost:8888/webtorrent/a8c6af75644f724bbac8afee2741798bb0c0f62a/ReZero%20S4%20-%205%20-%20Stick%20Swinger.mkv,132
1778231302,15,Case33　現る,http://localhost:8888/webtorrent/b12be40d2269a696c23ae3fca9628e5f30593af9/%5BEternalSleeper%5D%20Kamen%20Rider%20Zeztz%20-%20%2033%20%5BAMZN%5D%20%5B091DB1E5%5D.mkv,194
1778231583,15,Case33　現る,http://localhost:8888/webtorrent/b12be40d2269a696c23ae3fca9628e5f30593af9/%5BEternalSleeper%5D%20Kamen%20Rider%20Zeztz%20-%20%2033%20%5BAMZN%5D%20%5B091DB1E5%5D.mkv,194
1778231717,15,Case33　現る,http://localhost:8888/webtorrent/b12be40d2269a696c23ae3fca9628e5f30593af9/%5BEternalSleeper%5D%20Kamen%20Rider%20Zeztz%20-%20%2033%20%5BAMZN%5D%20%5B091DB1E5%5D.mkv,194
1778231960,55,[GSGA] Nisemonogatari - NCED1a [BDRip 1080p HEVC][Opus],/home/nhut/Movies/3 - Nisemonogatari (2012)/Creditless/[GSGA] Nisemonogatari - NCED1a [BDRip 1080p HEVC][Opus] [314E0670].mkv,195
1778232042,55,[GSGA] Nisemonogatari - NCED1a [BDRip 1080p HEVC][Opus],/home/nhut/Movies/3 - Nisemonogatari (2012)/Creditless/[GSGA] Nisemonogatari - NCED1a [BDRip 1080p HEVC][Opus] [314E0670].mkv,195
1778232183,55,[GSGA] Nisemonogatari - NCED1a [BDRip 1080p HEVC][Opus],/home/nhut/Movies/3 - Nisemonogatari (2012)/Creditless/[GSGA] Nisemonogatari - NCED1a [BDRip 1080p HEVC][Opus] [314E0670].mkv,195
1778232692,55,[GSGA] Nisemonogatari - NCED1a [BDRip 1080p HEVC][Opus],/home/nhut/Movies/3 - Nisemonogatari (2012)/Creditless/[GSGA] Nisemonogatari - NCED1a [BDRip 1080p HEVC][Opus] [314E0670].mkv,195
1778232747,55,[GSGA] Nisemonogatari - NCED1a [BDRip 1080p HEVC][Opus],/home/nhut/Movies/3 - Nisemonogatari (2012)/Creditless/[GSGA] Nisemonogatari - NCED1a [BDRip 1080p HEVC][Opus] [314E0670].mkv,195
1778232755,55,[GSGA] Nisemonogatari - NCED1a [BDRip 1080p HEVC][Opus],/home/nhut/Movies/3 - Nisemonogatari (2012)/Creditless/[GSGA] Nisemonogatari - NCED1a [BDRip 1080p HEVC][Opus] [314E0670].mkv,195
1778300464,58,Điện thoại RẺ NHẤT của Samsung liệu có NGON?,https://www.youtube.com/watch?v=VX5zJX4J21s,116
1778306822,51,[GSGA] Nisemonogatari - 02 [BDRip 1080p HEVC][Opus],/home/nhut/Movies/Series/Nisemonogatari (2012) [tvdbid-320238] [anilistid-11597]/Season 1/[GSGA] Nisemonogatari - 02 [BDRip 1080p HEVC][Opus] [A3D6CBA7].mkv,222
1778307232,,,/home/nhut/Movies/Series/Nisemonogatari (2012) [tvdbid-320238] [anilistid-11597]/Season 1/[GSGA] Nisemonogatari - 03 [BDRip 1080p HEVC][Opus] [88835342]-thumb.jpg,175
1778307233,51,[GSGA] Nisemonogatari - 03 [BDRip 1080p HEVC][Opus],/home/nhut/Movies/Series/Nisemonogatari (2012) [tvdbid-320238] [anilistid-11597]/Season 1/[GSGA] Nisemonogatari - 03 [BDRip 1080p HEVC][Opus] [88835342].mkv,222
1778308620,,,/home/nhut/Movies/Series/Nisemonogatari (2012) [tvdbid-320238] [anilistid-11597]/Season 1/[GSGA] Nisemonogatari - 04 [BDRip 1080p HEVC][Opus] [DE443453]-thumb.jpg,175
1778308621,51,[GSGA] Nisemonogatari - 04 [BDRip 1080p HEVC][Opus],/home/nhut/Movies/Series/Nisemonogatari (2012) [tvdbid-320238] [anilistid-11597]/Season 1/[GSGA] Nisemonogatari - 04 [BDRip 1080p HEVC][Opus] [DE443453].mkv,222
1778402825,,,/home/nhut/Pictures/miku2.png,42
1778402826,,,/home/nhut/Pictures/mpv/[GSGA] Nisemonogatari - 03 [BDRip 1080p HEVC][Opus] [88835342].mkv-00.08.31.678-#1.png,123
1778402826,,,/home/nhut/Pictures/mpv/KamenRiderZeztz_2025_JP_033.vie.mkv-00.23.00.421-#1.png,92
1778402827,,,/home/nhut/Pictures/screenshot/Screenshot from 2026-04-28 22-43-03.png,83
1778402827,,,/home/nhut/Pictures/screenshot/Screenshot from 2026-04-28 22-43-06.png,83
1778402827,,,/home/nhut/Pictures/screenshot/Screenshot from 2026-04-28 22-43-14.png,83
1778402827,,,/home/nhut/Pictures/screenshot/Screenshot from 2026-05-02 10-39-37.png,83
1778402827,,,/home/nhut/Pictures/screenshot/Screenshot from 2026-05-02 19-44-35.png,83
1778402828,,,/home/nhut/Pictures/screenshot/Screenshot from 2026-05-02 20-27-25.png,83
1778402828,,,/home/nhut/Pictures/screenshot/Screenshot from 2026-05-02 20-34-13.png,83
1778402828,,,/home/nhut/Pictures/wallpaper/ai.png,49
1778402828,,,/home/nhut/Pictures/wallpaper/aki-fox-devil.jpg,60
1778402829,,,/home/nhut/Pictures/wallpaper/arona.png,52
1778402829,,,/home/nhut/Pictures/wallpaper/ba3.jpg,50
1778405782,118,TVアニメ「８６―エイティシックス―」第2クールオープニング映像／amazarashi「境界線」,https://www.youtube.com/watch?v=7YnI1h8HNZo&list=RD7YnI1h8HNZo&start_radio=1&pp=ygUFODYgZWSgBwE%3D,232
1778405800,118,TVアニメ「８６―エイティシックス―」第2クールオープニング映像／amazarashi「境界線」,https://www.youtube.com/watch?v=7YnI1h8HNZo&list=RD7YnI1h8HNZo&start_radio=1&pp=ygUFODYgZWSgBwE%3D,232
1778407061,,,/home/nhut/Downloads/86 Eighty Six [BD][1080p][HEVC 10bit x265][Dual Audio][Tenrai-Sensei]/Season 1/86 Eighty Six - S01E11 - Here We Go.mkv,152
1778407251,,,/home/nhut/Downloads/86 Eighty Six [BD][1080p][HEVC 10bit x265][Dual Audio][Tenrai-Sensei]/Season 1/86 Eighty Six - S01E11 - Here We Go.mkv,152
1778407408,,,/home/nhut/Downloads/86 Eighty Six [BD][1080p][HEVC 10bit x265][Dual Audio][Tenrai-Sensei]/Season 1/86 Eighty Six - S01E10 - Thank You.mkv,151
1778407842,,,/home/nhut/Downloads/86 Eighty Six [BD][1080p][HEVC 10bit x265][Dual Audio][Tenrai-Sensei]/Season 1/86 Eighty Six - S01E11 - Here We Go.mkv,152
1778469940,,,http://localhost:8888/webtorrent/ddba5b5b320cd9d9eb3dea7c988ef65331b89e6d/%5BHikounin-Raws%5D%20Kamen%20Rider%20Zeztz%20-%2034%20%5BD1A4AF08%5D.mkv,160
1778475583,36,How to Rice Hyprland in Lua (Part 1),https://www.youtube.com/watch?v=guQ3RpkyXNo,94
1778475900,28,Tỉ lệ bay màu gần 50%,https://www.youtube.com/watch?v=GbEpRalsaOc,86
1778476957,100,Turning a Boring Old ThinkPad Into a Mobile 90s Japanese Visual Novel & Doujin Games/Software Legend,https://www.youtube.com/watch?v=4pm7QpG9X7k&pp=ugUEEgJlbg%3D%3D,179
1778478237,51,[GSGA] Nisemonogatari - 05 [BDRip 1080p HEVC][Opus],/home/nhut/Movies/Series/Nisemonogatari (2012) [tvdbid-320238] [anilistid-11597]/Season 1/[GSGA] Nisemonogatari - 05 [BDRip 1080p HEVC][Opus] [BA77840B].mkv,222
1778479643,,,/home/nhut/Movies/Series/Nisemonogatari (2012) [tvdbid-320238] [anilistid-11597]/Season 1/[GSGA] Nisemonogatari - 06 [BDRip 1080p HEVC][Opus] [7519692C]-thumb.jpg,175
1778479643,51,[GSGA] Nisemonogatari - 06 [BDRip 1080p HEVC][Opus],/home/nhut/Movies/Series/Nisemonogatari (2012) [tvdbid-320238] [anilistid-11597]/Season 1/[GSGA] Nisemonogatari - 06 [BDRip 1080p HEVC][Opus] [7519692C].mkv,222
1778508007,,,/home/nhut/Downloads/86 Eighty Six [BD][1080p][HEVC 10bit x265][Dual Audio][Tenrai-Sensei]/Season 1/86 Eighty Six - S01E10 - Thank You.mkv,151
1778508463,,,/home/nhut/Downloads/86 Eighty Six [BD][1080p][HEVC 10bit x265][Dual Audio][Tenrai-Sensei]/Season 1/86 Eighty Six - S01E10 - Thank You.mkv,151
1778508911,,,/home/nhut/Downloads/86 Eighty Six [BD][1080p][HEVC 10bit x265][Dual Audio][Tenrai-Sensei]/Season 1/86 Eighty Six - S01E11 - Here We Go.mkv,152
1778562126,118,TVアニメ「８６―エイティシックス―」第2クールオープニング映像／amazarashi「境界線」,https://www.youtube.com/watch?v=7YnI1h8HNZo&list=RD7YnI1h8HNZo&start_radio=1&pp=ygUCODagBwE%3D,228
1778562441,51,[GSGA] Nisemonogatari - 07 [BDRip 1080p HEVC][Opus],/home/nhut/Movies/Series/Nisemonogatari (2012) [tvdbid-320238] [anilistid-11597]/Season 1/[GSGA] Nisemonogatari - 07 [BDRip 1080p HEVC][Opus] [3EFB04E9].mkv,222
1778562449,,,/home/nhut/Movies/Series/Nisemonogatari (2012) [tvdbid-320238] [anilistid-11597]/Season 1/[GSGA] Nisemonogatari - 07 [BDRip 1080p HEVC][Opus] [3EFB04E9]-thumb.jpg,175
1778562449,51,[GSGA] Nisemonogatari - 07 [BDRip 1080p HEVC][Opus],/home/nhut/Movies/Series/Nisemonogatari (2012) [tvdbid-320238] [anilistid-11597]/Season 1/[GSGA] Nisemonogatari - 07 [BDRip 1080p HEVC][Opus] [3EFB04E9].mkv,222
1778562451,,,/home/nhut/Movies/Series/Nisemonogatari (2012) [tvdbid-320238] [anilistid-11597]/Season 1/[GSGA] Nisemonogatari - 07 [BDRip 1080p HEVC][Opus] [3EFB04E9]-thumb.jpg,175
1778562451,51,[GSGA] Nisemonogatari - 07 [BDRip 1080p HEVC][Opus],/home/nhut/Movies/Series/Nisemonogatari (2012) [tvdbid-320238] [anilistid-11597]/Season 1/[GSGA] Nisemonogatari - 07 [BDRip 1080p HEVC][Opus] [3EFB04E9].mkv,222
1778562461,,,/home/nhut/Movies/Series/Nisemonogatari (2012) [tvdbid-320238] [anilistid-11597]/Season 1/[GSGA] Nisemonogatari - 07 [BDRip 1080p HEVC][Opus] [3EFB04E9]-thumb.jpg,175
1778562461,51,[GSGA] Nisemonogatari - 07 [BDRip 1080p HEVC][Opus],/home/nhut/Movies/Series/Nisemonogatari (2012) [tvdbid-320238] [anilistid-11597]/Season 1/[GSGA] Nisemonogatari - 07 [BDRip 1080p HEVC][Opus] [3EFB04E9].mkv,222
1778562470,51,[GSGA] Nisemonogatari - 06 [BDRip 1080p HEVC][Opus],/home/nhut/Movies/Series/Nisemonogatari (2012) [tvdbid-320238] [anilistid-11597]/Season 1/[GSGA] Nisemonogatari - 06 [BDRip 1080p HEVC][Opus] [7519692C].mkv,222
1778562472,,,/home/nhut/Movies/Series/Nisemonogatari (2012) [tvdbid-320238] [anilistid-11597]/Season 1/[GSGA] Nisemonogatari - 07 [BDRip 1080p HEVC][Opus] [3EFB04E9]-thumb.jpg,175
1778562472,51,[GSGA] Nisemonogatari - 07 [BDRip 1080p HEVC][Opus],/home/nhut/Movies/Series/Nisemonogatari (2012) [tvdbid-320238] [anilistid-11597]/Season 1/[GSGA] Nisemonogatari - 07 [BDRip 1080p HEVC][Opus] [3EFB04E9].mkv,222
1778562478,51,[GSGA] Nisemonogatari - 06 [BDRip 1080p HEVC][Opus],/home/nhut/Movies/Series/Nisemonogatari (2012) [tvdbid-320238] [anilistid-11597]/Season 1/[GSGA] Nisemonogatari - 06 [BDRip 1080p HEVC][Opus] [7519692C].mkv,222
1778562508,,,/home/nhut/Movies/Series/Nisemonogatari (2012) [tvdbid-320238] [anilistid-11597]/Season 1/[GSGA] Nisemonogatari - 07 [BDRip 1080p HEVC][Opus] [3EFB04E9]-thumb.jpg,175
1778562508,51,[GSGA] Nisemonogatari - 07 [BDRip 1080p HEVC][Opus],/home/nhut/Movies/Series/Nisemonogatari (2012) [tvdbid-320238] [anilistid-11597]/Season 1/[GSGA] Nisemonogatari - 07 [BDRip 1080p HEVC][Opus] [3EFB04E9].mkv,222
1778564129,,,/home/nhut/Movies/Series/Nisemonogatari (2012) [tvdbid-320238] [anilistid-11597]/Season 1/[GSGA] Nisemonogatari - 08 [BDRip 1080p HEVC][Opus] [B75F42BF]-thumb.jpg,175
1778564129,51,[GSGA] Nisemonogatari - 08 [BDRip 1080p HEVC][Opus],/home/nhut/Movies/Series/Nisemonogatari (2012) [tvdbid-320238] [anilistid-11597]/Season 1/[GSGA] Nisemonogatari - 08 [BDRip 1080p HEVC][Opus] [B75F42BF].mkv,222
1778565659,,,/home/nhut/Movies/Series/Nisemonogatari (2012) [tvdbid-320238] [anilistid-11597]/Season 1/[GSGA] Nisemonogatari - 09 [BDRip 1080p HEVC][Opus] [776DE9EB]-thumb.jpg,175
1778565659,51,[GSGA] Nisemonogatari - 09 [BDRip 1080p HEVC][Opus],/home/nhut/Movies/Series/Nisemonogatari (2012) [tvdbid-320238] [anilistid-11597]/Season 1/[GSGA] Nisemonogatari - 09 [BDRip 1080p HEVC][Opus] [776DE9EB].mkv,222
1778566655,51,[GSGA] Nisemonogatari - 08 [BDRip 1080p HEVC][Opus],/home/nhut/Movies/Series/Nisemonogatari (2012) [tvdbid-320238] [anilistid-11597]/Season 1/[GSGA] Nisemonogatari - 08 [BDRip 1080p HEVC][Opus] [B75F42BF].mkv,222
1778566661,51,[GSGA] Nisemonogatari - 09 [BDRip 1080p HEVC][Opus],/home/nhut/Movies/Series/Nisemonogatari (2012) [tvdbid-320238] [anilistid-11597]/Season 1/[GSGA] Nisemonogatari - 09 [BDRip 1080p HEVC][Opus] [776DE9EB].mkv,222
1778567051,,,/home/nhut/Movies/Series/Nisemonogatari (2012) [tvdbid-320238] [anilistid-11597]/Season 1/[GSGA] Nisemonogatari - 10 [BDRip 1080p HEVC][Opus] [3F5FF2D3]-thumb.jpg,175
1778567051,51,[GSGA] Nisemonogatari - 10 [BDRip 1080p HEVC][Opus],/home/nhut/Movies/Series/Nisemonogatari (2012) [tvdbid-320238] [anilistid-11597]/Season 1/[GSGA] Nisemonogatari - 10 [BDRip 1080p HEVC][Opus] [3F5FF2D3].mkv,222
1778596878,,,/home/nhut/.local/share/sound/tuturu_1.mp3,55
1778669067,103,Thực Hư Bàn Phím "Máy Đánh Chữ", Đừng Để Ngoại Hình Đánh Lừa! Review Yunzii QL75,https://www.youtube.com/watch?v=AVP3KDLjNSk,162
1778669802,73,Tạo USB multiboot đa năng bằng Ventoy (Dùng Ventoy tạo usb boot),https://www.youtube.com/watch?v=WSqj6ZDeO4M&pp=ygUQdmVudG95IG11bHRpYm9vdA%3D%3D,167
1778670338,80,Hướng dẫn cài Arch Linux dualboot với Windows UEFI (thủ công + bspwm),https://www.youtube.com/watch?v=JzTRcrDnF0A,138
1778670544,80,Hướng dẫn cài Arch Linux dualboot với Windows UEFI (thủ công + bspwm),https://www.youtube.com/watch?v=JzTRcrDnF0A,138
1778684341,104,Có Công mài "Sắc" - Ngô Lan hương [ Lyrics // Speed Up ] | Michiru (Dress) - Blue Archive Live2D,https://www.youtube.com/watch?v=Uzg7cp-RcJ8&list=RDUzg7cp-RcJ8&start_radio=1,196
1778938612,,,http://localhost:8888/webtorrent/d2b441c5449a441691825d5140495652bdabec3a/%5BSubsPlease%5D%20Kamiina%20Botan,%20Yoeru%20Sugata%20wa%20Yuri%20no%20Hana%20-%2006%20(1080p)%20%5BB462387C%5D.mkv,203
1779078039,15,Case34　潜る,http://localhost:8888/webtorrent/cd7c972e3989bfd97e76217f1762f651919c7ec0/%5BEternalSleeper%5D%20Kamen%20Rider%20Zeztz%20-%20%2034%20%5BAMZN%5D%20%5B80B2C742%5D.mkv,194
1779084200,51,[GSGA] Nisemonogatari - 09 [BDRip 1080p HEVC][Opus],/home/nhut/Movies/Series/Nisemonogatari (2012) [tvdbid-320238] [anilistid-11597]/Season 1/[GSGA] Nisemonogatari - 09 [BDRip 1080p HEVC][Opus] [776DE9EB].mkv,222
1779084220,51,[GSGA] Nisemonogatari - 10 [BDRip 1080p HEVC][Opus],/home/nhut/Movies/Series/Nisemonogatari (2012) [tvdbid-320238] [anilistid-11597]/Season 1/[GSGA] Nisemonogatari - 10 [BDRip 1080p HEVC][Opus] [3F5FF2D3].mkv,222
1779084238,,,/home/nhut/Movies/Series/Nisemonogatari (2012) [tvdbid-320238] [anilistid-11597]/Season 1/[GSGA] Nisemonogatari - 11 [BDRip 1080p HEVC][Opus] [8336D7D9]-thumb.jpg,175
1779084238,51,[GSGA] Nisemonogatari - 11 [BDRip 1080p HEVC][Opus],/home/nhut/Movies/Series/Nisemonogatari (2012) [tvdbid-320238] [anilistid-11597]/Season 1/[GSGA] Nisemonogatari - 11 [BDRip 1080p HEVC][Opus] [8336D7D9].mkv,222
1779086616,38,Phim chiếu rạp "YOUR NAME" TRAILER,https://www.youtube.com/watch?v=_mifHzxFNQ4&pp=ygUReW91ciBuYW1lIHRyYWlsZXI%3D,130
1779086760,28,Your Name. 4K HDR Trailer #1,https://www.youtube.com/watch?v=6H6q8bAX2Qs&pp=ygUReW91ciBuYW1lIHRyYWlsZXI%3D,120
1779086781,28,Your Name. 4K HDR Trailer #1,https://www.youtube.com/watch?v=6H6q8bAX2Qs&pp=ygUReW91ciBuYW1lIHRyYWlsZXI%3D,120
1779086816,28,Your Name. 4K HDR Trailer #1,https://www.youtube.com/watch?v=6H6q8bAX2Qs&pp=ygUReW91ciBuYW1lIHRyYWlsZXI%3D,120
1779087012,33,Kimi no Na wa (Your Name) Trailer,https://www.youtube.com/watch?v=NooIc3dMncc&pp=ygUReW91ciBuYW1lIHRyYWlsZXI%3D,125
1779106434,,,/home/nhut/Downloads/kayoko-kimono-cherry-blossom-blue-archive-moewalls-com.mp4,92
1779106813,,,/usr/share/sddm/themes/enfield/bg.mp4,50
1779106821,,,/usr/share/sddm/themes/enfield/bg.mp4,50
1779116073,,,/home/nhut/Downloads/ome.wav,41
1779166027,,,/home/nhut/Downloads/kayoko-kimono-cherry-blossom-blue-archive-moewalls-com.mp4,92
1779166044,,,/home/nhut/Downloads/moe.jpg,41
1779166044,,,/home/nhut/Downloads/Prisma.Illya.full.3617476.jpg,63
1779166044,,,/home/nhut/Downloads/shounen-la-gi-thumbnail.jpg,61
1779166045,,,/home/nhut/Downloads/Untitled.png,46
1779166046,,,/home/nhut/Downloads/y2DB71C4nyIdMrANijz8mzvQtk6.jpg,65
1779171588,,,/run/user/1000/gvfs/ftp:host=192.168.1.26,port=2221,user=anonymous/[Judas] Kimi no Na wa.mkv,105
1779171626,,,/run/user/1000/gvfs/ftp:host=192.168.1.26,port=2221,user=anonymous/[Judas] Kimi no Na wa.mkv,105
1779172521,,,/home/nhut/Movies/Series/Kamen Rider Zeztz (2025)/Season 1/[TokuScrub] Kamen Rider Zeztz E35 [Web - 1080].mkv,122
1779172569,,,/home/nhut/Movies/Series/Kamen Rider Zeztz (2025)/Season 1/[TokuScrub] Kamen Rider Zeztz E35 [Web - 1080].mkv,122
1779172633,,,/home/nhut/Movies/Series/Kamen Rider Zeztz (2025)/Season 1/[TokuScrub] Kamen Rider Zeztz E35 [Web - 1080].mkv,122
1779172718,,,/home/nhut/Movies/Series/Kamen Rider Zeztz (2025)/Season 1/[TokuScrub] Kamen Rider Zeztz E35 [Web - 1080].mkv,122
1779172751,,,/home/nhut/Movies/Series/Kamen Rider Zeztz (2025)/Season 1/[TokuScrub] Kamen Rider Zeztz E35 [Web - 1080].mkv,122
1779172785,,,/home/nhut/Movies/Series/Kamen Rider Zeztz (2025)/Season 1/[TokuScrub] Kamen Rider Zeztz E35 [Web - 1080].mkv,122
1779172807,,,/home/nhut/Movies/Series/Kamen Rider Zeztz (2025)/Season 1/[TokuScrub] Kamen Rider Zeztz E35 [Web - 1080].mkv,122
1779172826,,,/run/user/1000/gvfs/ftp:host=192.168.1.26,port=2221,user=anonymous/[Judas] Kimi no Na wa.mkv,105
1779172877,,,/run/user/1000/gvfs/ftp:host=192.168.1.26,port=2221,user=anonymous/[Judas] Kimi no Na wa.mkv,105
1779172949,,,/run/user/1000/gvfs/ftp:host=192.168.1.26,port=2221,user=anonymous/[Judas] Kimi no Na wa.mkv,105
1779173029,52,your name. - Final Trailer - Opens 13 Jan in Vietnam,https://www.youtube.com/watch?v=lPSIEi6tln4&pp=ygUReW91ciBuYW1lIHRyYWlsZXI%3D,144
1779173140,50,your name. - 60s Trailer - Opens 13 Jan in Vietnam,https://www.youtube.com/watch?v=RgmFBJBqzWM&pp=ygUReW91ciBuYW1lIHRyYWlsZXLSBwkJBAsBhyohjO8%3D,158
1779191826,46,AI ngày càng hút máu, dev phải làm sao?,https://www.youtube.com/watch?v=gsei9YPB90E&pp=ugUEEgJ2aQ%3D%3D,124
1779192363,38,Phim chiếu rạp "YOUR NAME" TRAILER,https://www.youtube.com/watch?v=_mifHzxFNQ4&pp=ygUReW91ciBuYW1lIHRyYWlsZXI%3D,130
1779192545,99,Tôi So Sánh CRUNCHYROLL Với NETFLIX Để Bạn Biết Xem Anime Thì Nên Đăng Ký Cái Nào,https://www.youtube.com/watch?v=h_-fbaqMf3A&pp=ugUEEgJ2aQ%3D%3D,177
1779193099,46,AI ngày càng hút máu, dev phải làm sao?,https://www.youtube.com/watch?v=gsei9YPB90E&pp=ugUEEgJ2aQ%3D%3D,124
1779199092,63,Your Name. - Opening 【Yume Tourou】 4K 60FPS Creditless | CC,https://www.youtube.com/watch?v=p9VMkwP04nM&list=RDp9VMkwP04nM&start_radio=1,154
1779199985,63,Your Name. - Opening 【Yume Tourou】 4K 60FPS Creditless | CC,https://www.youtube.com/watch?v=p9VMkwP04nM&list=RDp9VMkwP04nM&start_radio=1,154
1779200008,63,Your Name. - Opening 【Yume Tourou】 4K 60FPS Creditless | CC,https://www.youtube.com/watch?v=p9VMkwP04nM&list=RDp9VMkwP04nM&start_radio=1,154
1779231035,66,「Creditless」86 EIGHTY-SIX Season 2 OP / Opening「UHD 60FPS」,https://www.youtube.com/watch?v=BDq6qMAaSEA,124
1779231051,66,「Creditless」86 EIGHTY-SIX Season 2 OP / Opening「UHD 60FPS」,https://www.youtube.com/watch?v=BDq6qMAaSEA,124
1779231405,66,「Creditless」86 EIGHTY-SIX Season 2 OP / Opening「UHD 60FPS」,https://www.youtube.com/watch?v=BDq6qMAaSEA,124
1779231461,66,「Creditless」86 EIGHTY-SIX Season 2 OP / Opening「UHD 60FPS」,https://www.youtube.com/watch?v=BDq6qMAaSEA,124
1779250819,60,「Creditless」Re:ZERO Season 4 OP / Opening「UHD 60FPS」,https://www.youtube.com/watch?v=BIz3B88JbNc&list=RDBIz3B88JbNc&start_radio=1&pp=oAcB,159
1779250852,60,「Creditless」Re:ZERO Season 4 OP / Opening「UHD 60FPS」,https://www.youtube.com/watch?v=BIz3B88JbNc&list=RDBIz3B88JbNc&start_radio=1&pp=oAcB,159
1779251158,60,「Creditless」Re:ZERO Season 4 OP / Opening「UHD 60FPS」,https://www.youtube.com/watch?v=BIz3B88JbNc&list=RDBIz3B88JbNc&start_radio=1&pp=oAcB,159
1779251177,60,「Creditless」Re:ZERO Season 4 OP / Opening「UHD 60FPS」,https://www.youtube.com/watch?v=BIz3B88JbNc&list=RDBIz3B88JbNc&start_radio=1&pp=oAcB,159
1779450300,88,TV‌ア‌ニ‌メ‌『チェ‌ン‌ソー‌マ‌ン』‌ティ‌ザー‌PV‌,https://www.youtube.com/watch?v=q15CRdE5Bv0,146
1779450487,30,Rudo Goes All-Out | Gachiakuta,https://www.youtube.com/watch?v=3J0KJCJdWU4&pp=0gcJCQYLAYcqIYzv,108
1779450500,30,Rudo Goes All-Out | Gachiakuta,https://www.youtube.com/watch?v=3J0KJCJdWU4&pp=0gcJCQYLAYcqIYzv,108
1779452351,30,Rudo Goes All-Out | Gachiakuta,https://www.youtube.com/watch?v=3J0KJCJdWU4&pp=0gcJCQYLAYcqIYzv,108
1779452545,30,Rudo Goes All-Out | Gachiakuta,https://www.youtube.com/watch?v=3J0KJCJdWU4&pp=0gcJCQYLAYcqIYzv,108
1779453204,77,【崩壊：スターレイル】 Ver.4.3PV 「生者、彼岸へ渡りて」,https://www.youtube.com/watch?v=XS2s7NifsFY&pp=ygUGaHNyIGpw,151
1779453258,77,【崩壊：スターレイル】 Ver.4.3PV 「生者、彼岸へ渡りて」,https://www.youtube.com/watch?v=XS2s7NifsFY&pp=ygUGaHNyIGpw,151
1779461567,,,https://directdl.hiseku.net/download.aspx?file=pAFy8ImQisMr4QHPPG9P1x0bIOPvPpH7Z6RjgJ%2Fxdk9ONzfTPIHsfD2vSCWq3G6G&expiry=qFgW1jjPbRQtK6mfSESmGQ%3D%3D&mac=99b1f8d53e6de3edd54510620ef8a9dacefce7fd4fc3efb5e84eb932c6d99f80,231
1779461598,,,https://directdl.hiseku.net/download.aspx?file=PGwxdSIlx4o%2FhF%2FzeIrIPHxGJV1P31eV5zui5HN%2FovY5Q8Aq06Q44timzbZjLxMo&expiry=qFgW1jjPbRQtK6mfSESmGQ%3D%3D&mac=bc4c904ee71f2873ceaf0eb33d8401b13afb6763c2b2d8a4ba33383061426d40,235
1779461632,,,https://directdl.hiseku.net/download.aspx?file=MTNSx%2FH99rzeZ85Kv5uIvpYqy4N%2FXIdBSO22lZQm7QUyo%2Fx9egD40e3PB%2BdQrCYQ&expiry=qFgW1jjPbRQtK6mfSESmGQ%3D%3D&mac=b20bcaaf08df0424c925264bfe48cc61e62135a99c0cdd158fd24c9c8292096f,237
1779635349,44,Botan Kamiina Fully Blossoms When Drunk - 07,http://localhost:8888/webtorrent/ff80eba1bc0c9370a9c5fa0c67a2651660bd0aa8/%5BTrix%5D%20Botan%20Kamiina%20Fully%20Blossoms%20When%20Drunk%20S01E07%20%5BWEBRip%201080p%20AV1%5D%20(Multi%20Subs).mkv,254
1779708941,,,/home/nhut/Videos/recording_20260522_210819.mp4,60
1779708960,,,/home/nhut/2026-05-25 18-32-55.mp4,47
1779709009,,,/home/nhut/2026-05-25 18-35-53.mkv,47
1779709010,,,/home/nhut/chizuru.png,35
1779709011,,,/home/nhut/dotfiles/Pictures/wallpaper/ai.png,58
1779709011,,,/home/nhut/dotfiles/Pictures/wallpaper/aki-fox-devil.jpg,69
1779709012,,,/home/nhut/dotfiles/Pictures/wallpaper/arona.png,61
1779709169,,,/home/nhut/Videos/2026-05-25 18-38-29.mkv,54
1779709481,,,/home/nhut/Videos/2026-05-25 18-43-47.mkv,54
1779709621,,,/home/nhut/Videos/2026-05-25 18-45-09.mkv,54
1779710136,,,/home/nhut/Videos/2026-05-25 18-49-26.mkv,54
1779710455,,,/home/nhut/Videos/2026-05-25 18-58-57.mkv,54
1779710839,,,/home/nhut/Videos/2026-05-25 19-04-26.mkv,54
1779712477,96,Meant To Be - Arc North (ft. Krista Marina) [ Lyrics // Speed Up ] - Chise - Blue Archive Live2D,https://www.youtube.com/watch?v=5RmTGwbckMI,154
1779713314,,,http://localhost:8888/webtorrent/98e4ac23ecc81cb293ec9a68ab35320e5aa2da10/%5BUnfucked%5D%20NEEDY%20GIRL%20OVERDOSE%20-%20S01E01%20(1080p%20CR%20WEB-DL).mkv,168
1779713593,,,http://localhost:8888/webtorrent/08823200b6ebfb92b6dd9ed6ba83576d6857a9a3/NEEDY.GIRL.OVERDOSE.S01E01.Shes.a.Killer.Queen.1080p.CR.WEB-DL.MULTi.AAC2.0.H.264-VARYG.mkv,178
1779713629,,,http://localhost:8888/webtorrent/98e4ac23ecc81cb293ec9a68ab35320e5aa2da10/%5BUnfucked%5D%20NEEDY%20GIRL%20OVERDOSE%20-%20S01E01%20(1080p%20CR%20WEB-DL).mkv,168
1779720162,,,/home/nhut/Videos/2026-05-25 21-00-42.mkv,54
1779720350,164,『チェンソーマン』第３話ノンクレジットエンディング / CHAINSAW MAN #3 Ending│マキシマム ザ ホルモン 「刃渡り2億センチ」,https://www.youtube.com/watch?v=HEwAiwttN10,223
1779720366,164,『チェンソーマン』第３話ノンクレジットエンディング / CHAINSAW MAN #3 Ending│マキシマム ザ ホルモン 「刃渡り2億センチ」,https://www.youtube.com/watch?v=HEwAiwttN10,223
1779803251,6,Future,/run/user/1000/gvfs/mtp:host=Xiaomi_Redmi_10C_2ba25cd9/Bộ nhớ trong dùng chung/Movies/Gakkou Gurashi (School-Live!)/Season 1/[SavI0r] Gakkou Gurashi (School-Live!) - S01E08 - Future [BD][1080p][AV1][OPUS][Dual Audio].mkv,245
1779803263,7,Letters,/run/user/1000/gvfs/mtp:host=Xiaomi_Redmi_10C_2ba25cd9/Bộ nhớ trong dùng chung/Movies/Gakkou Gurashi (School-Live!)/Season 1/[SavI0r] Gakkou Gurashi (School-Live!) - S01E07 - Letters [BD][1080p][AV1][OPUS][Dual Audio].mkv,247
1779803273,7,Welcome,/run/user/1000/gvfs/mtp:host=Xiaomi_Redmi_10C_2ba25cd9/Bộ nhớ trong dùng chung/Movies/Gakkou Gurashi (School-Live!)/Season 1/[SavI0r] Gakkou Gurashi (School-Live!) - S01E06 - Welcome [BD][1080p][AV1][OPUS][Dual Audio].mkv,247
1779804242,7,Welcome,/run/user/1000/gvfs/mtp:host=Xiaomi_Redmi_10C_2ba25cd9/Bộ nhớ trong dùng chung/Movies/Gakkou Gurashi (School-Live!)/Season 1/[SavI0r] Gakkou Gurashi (School-Live!) - S01E06 - Welcome [BD][1080p][AV1][OPUS][Dual Audio].mkv,247
1779804760,7,Welcome,/run/user/1000/gvfs/mtp:host=Xiaomi_Redmi_10C_2ba25cd9/Bộ nhớ trong dùng chung/Movies/Gakkou Gurashi (School-Live!)/Season 1/[SavI0r] Gakkou Gurashi (School-Live!) - S01E06 - Welcome [BD][1080p][AV1][OPUS][Dual Audio].mkv,247
1779804967,7,Letters,/run/user/1000/gvfs/mtp:host=Xiaomi_Redmi_10C_2ba25cd9/Bộ nhớ trong dùng chung/Movies/Gakkou Gurashi (School-Live!)/Season 1/[SavI0r] Gakkou Gurashi (School-Live!) - S01E07 - Letters [BD][1080p][AV1][OPUS][Dual Audio].mkv,247
1779806647,6,Future,/run/user/1000/gvfs/mtp:host=Xiaomi_Redmi_10C_2ba25cd9/Bộ nhớ trong dùng chung/Movies/Gakkou Gurashi (School-Live!)/Season 1/[SavI0r] Gakkou Gurashi (School-Live!) - S01E08 - Future [BD][1080p][AV1][OPUS][Dual Audio].mkv,245
1779885554,77,Phép Màu (Đàn Cá Gỗ OST) - Mounter x MAYDAYs, Minh Tốc | Official MV,https://youtube.com/embed/jPjQJYKhhk4,129
1779888498,45,CÁI CHẾT CỦA CÁC VỊ THẦN | SAMURICE,https://www.youtube.com/watch?v=kekDb_sy-tg&pp=ugUEEgJ2aQ%3D%3D,123
1779892525,,,http://localhost:8888/webtorrent/616a34e9f64683f40ed63e7044a88d9fff3d8a28/Lucky%20Star%201080p%2010bit/%5BShiniori-Raws%5D%20Lucky%20Star%20-%2001%20(BD%201920x1080%20x264%2010bit%20FLAC).mkv,204
1779893036,,,http://localhost:8888/webtorrent/97a184ecea14b67e1a061c5e79555a020b5b6420/%5BExiled-Destiny%5D%20Lucky%20Star/%5BExiled-Destiny%5D_Lucky_Star_Ep01_(4A25C979).mkv,174
1779893219,,,http://localhost:8888/webtorrent/528a47dcf774aa55eeea5a0bfe50c4be5f687fa7/Lucky%20Star%20(Subbed%20&%20Dubbed)/Extras/Menus/%5BMoozzi2%5D%20Lucky%20Star%20%5BSP00%5D%20Menu%20-%2001%20-%20%5B%20PNG%20%5D.png,220
1779893220,,,http://localhost:8888/webtorrent/528a47dcf774aa55eeea5a0bfe50c4be5f687fa7/Lucky%20Star%20(Subbed%20&%20Dubbed)/Extras/Menus/%5BMoozzi2%5D%20Lucky%20Star%20%5BSP00%5D%20Menu%20-%2002%20-%20%5B%20PNG%20%5D.png,220
1779893220,,,http://localhost:8888/webtorrent/528a47dcf774aa55eeea5a0bfe50c4be5f687fa7/Lucky%20Star%20(Subbed%20&%20Dubbed)/Extras/Menus/%5BMoozzi2%5D%20Lucky%20Star%20%5BSP00%5D%20Menu%20-%2003%20-%20%5B%20PNG%20%5D.png,220
1779893220,,,http://localhost:8888/webtorrent/528a47dcf774aa55eeea5a0bfe50c4be5f687fa7/Lucky%20Star%20(Subbed%20&%20Dubbed)/Extras/Menus/%5BMoozzi2%5D%20Lucky%20Star%20%5BSP00%5D%20Menu%20-%2004%20-%20%5B%20PNG%20%5D.png,220
1779893221,,,http://localhost:8888/webtorrent/528a47dcf774aa55eeea5a0bfe50c4be5f687fa7/Lucky%20Star%20(Subbed%20&%20Dubbed)/Extras/Menus/%5BMoozzi2%5D%20Lucky%20Star%20%5BSP00%5D%20Menu%20-%2005%20-%20%5B%20PNG%20%5D.png,220
1779893221,,,http://localhost:8888/webtorrent/528a47dcf774aa55eeea5a0bfe50c4be5f687fa7/Lucky%20Star%20(Subbed%20&%20Dubbed)/Extras/Menus/%5BMoozzi2%5D%20Lucky%20Star%20%5BSP00%5D%20Menu%20-%2006%20-%20%5B%20PNG%20%5D.png,220
1779893223,,,http://localhost:8888/webtorrent/528a47dcf774aa55eeea5a0bfe50c4be5f687fa7/Lucky%20Star%20(Subbed%20&%20Dubbed)/Extras/Menus/%5BMoozzi2%5D%20Lucky%20Star%20%5BSP00%5D%20Menu%20-%2007%20-%20%5B%20PNG%20%5D.png,220
1779893281,69,[ZagonSubs] Lucky Star S01E06 [1080p BDRip x264 FLAC] [Sub. Español],http://localhost:8888/webtorrent/d7bd9b78d4234fbe73f5b65fb25c74af0013b2a3/%5BZagonSubs%5D%20Lucky%20Star%20S01E06%20%5B1080p%20BDRip%20x264%20FLAC%5D%20%5BSub.%20Espa%C3%B1ol%5D.mkv,265
1779893409,48,[zza] Lucky Star - 01 - The Girl who Dashes Off ,http://localhost:8888/webtorrent/78d9f5cb1bc6f7da616303840131f1269b7d5752/Lucky%20Star/%5Bzza%5D%20Lucky%20Star%20-%2001%20%5B1080p.x265%5D.mkv,206
1779894678,44,[zza] Lucky Star - 02 - Efforts and Results ,http://localhost:8888/webtorrent/78d9f5cb1bc6f7da616303840131f1269b7d5752/Lucky%20Star/%5Bzza%5D%20Lucky%20Star%20-%2002%20%5B1080p.x265%5D.mkv,202
1779934617,32,GAMING TRÊN LAPTOP MINI 100K???,https://www.youtube.com/watch?v=zLIxDs7TIeY,90
1779935099,100,Turning a Boring Old ThinkPad Into a Mobile 90s Japanese Visual Novel & Doujin Games/Software Legend,https://www.youtube.com/watch?v=4pm7QpG9X7k&pp=ugUEEgJlbg%3D%3D,179
1779937950,,,/home/nhut/.local/share/sound/ome.wav,50
1779941379,,,http://localhost:8888/webtorrent/de0c50577a6a4e63ef2d6f5c2821155f683007a9/Re.ZERO.Starting.Life.in.Another.World.S04E08.Who.Are.You.1080p.CR.WEB-DL.DUAL.AAC2.0.H.264-VARYG.mkv,188
1779943514,88,TV‌ア‌ニ‌メ‌『チェ‌ン‌ソー‌マ‌ン』‌ティ‌ザー‌PV‌,https://www.youtube.com/watch?v=q15CRdE5Bv0&pp=0gcJCQ0LAYcqIYzv,166
1779943536,88,TV‌ア‌ニ‌メ‌『チェ‌ン‌ソー‌マ‌ン』‌ティ‌ザー‌PV‌,https://www.youtube.com/watch?v=q15CRdE5Bv0&pp=0gcJCQ0LAYcqIYzv,166
1779970351,,,/run/user/1000/gvfs/mtp:host=Xiaomi_Redmi_10C_2ba25cd9/Bộ nhớ trong dùng chung/Movies/Chainsaw.Man.The.Movie.Reze.Arc.2025.1080p.DS4K.DUAL.AV1-mSokudo.mkv,172
1779972451,,,/run/user/1000/gvfs/mtp:host=Xiaomi_Redmi_10C_2ba25cd9/Bộ nhớ trong dùng chung/Movies/[MiniMTBB] Kimi no Na wa. (2016) (v2) (BD 1080p) [EEB45FD2].mkv,167
1779976771,,,/run/user/1000/gvfs/mtp:host=Xiaomi_Redmi_10C_2ba25cd9/Bộ nhớ trong dùng chung/Movies/[MiniMTBB] Kimi no Na wa. (2016) (v2) (BD 1080p) [EEB45FD2].mkv,167
1780230213,26,Weathering with You (2019),/home/nhut/Movies/Movies/Weathering.with.You.2019.REPACK.1080p.BluRay.Opus5.1.AV1-Tasokare.mkv,135
1780230341,26,Weathering with You (2019),/home/nhut/Movies/Movies/Weathering.with.You.2019.REPACK.1080p.BluRay.Opus5.1.AV1-Tasokare.mkv,135
1780238660,26,Weathering with You (2019),/home/nhut/Movies/Movies/Weathering.with.You.2019.REPACK.1080p.BluRay.Opus5.1.AV1-Tasokare.mkv,135
1780364314,,,/home/nhut/Movies/Movies/Chainsaw.Man.The.Movie.Reze.Arc.2025.1080p.DS4K.DUAL.AV1-mSokudo.mkv,106
1780391197,,,/home/nhut/Videos/2026-05-25 21-00-42.mkv,54
1780391201,,,/home/nhut/Videos/2026-06-02 13-39-19.mkv,54
1780391235,,,/home/nhut/Videos/2026-05-25 21-25-37.mkv,54
1780484598,,,/home/nhut/Videos/saved/Tối nhà thờ, sáng mai livestream 4h...[KDwFYcPpx2k].webm,99
1780487880,,,/home/nhut/Movies/Series/Jujutsu Kaisen (2020)/Season 3/JUJUTSU.KAISEN.S03E01.Execution.1080p.CR.WEB-DL.DUAL.AAC2.0.H.264-VARYG.mkv,144
1780488690,,,/home/nhut/Movies/Series/Jujutsu Kaisen (2020)/Season 3/JUJUTSU.KAISEN.S03E01.Execution.1080p.CR.WEB-DL.DUAL.AAC2.0.H.264-VARYG.mkv,144
1780488830,,,/home/nhut/Movies/Series/Jujutsu Kaisen (2020)/Season 3/JUJUTSU.KAISEN.S03E01.Execution.1080p.CR.WEB-DL.DUAL.AAC2.0.H.264-VARYG.mkv,144
1780488856,,,/home/nhut/Movies/Series/Jujutsu Kaisen (2020)/Season 3/JUJUTSU.KAISEN.S03E01.Execution.1080p.CR.WEB-DL.DUAL.AAC2.0.H.264-VARYG.mkv,144
1780489148,,,/home/nhut/Movies/Series/Jujutsu Kaisen (2020)/Season 3/JUJUTSU.KAISEN.S03E02.One.More.Time.1080p.CR.WEB-DL.DUAL.AAC2.0.H.264-VARYG.mkv,148
1780489481,,,/home/nhut/Movies/Series/Jujutsu Kaisen (2020)/Season 3/JUJUTSU.KAISEN.S03E02.One.More.Time.1080p.CR.WEB-DL.DUAL.AAC2.0.H.264-VARYG.mkv,148
1780489682,,,/home/nhut/Movies/Series/Jujutsu Kaisen (2020)/Season 3/JUJUTSU.KAISEN.S03E12.Sendai.Colony.1080p.CR.WEB-DL.DUAL.AAC2.0.H.264-VARYG.mkv,148
1780658737,,,/home/nhut/Downloads/15 - Doraemon - Nobita and the Three Visionary Swordsmen (1994) (x265, AAC, 1080p).mkv,120
1780659200,,,/home/nhut/Movies/Movies/Chainsaw.Man.The.Movie.Reze.Arc.2025.1080p.DS4K.DUAL.AV1-mSokudo.mkv,106
1780666238,,,/home/nhut/Movies/Series/Jujutsu Kaisen (2020)/Season 3/JUJUTSU.KAISEN.S03E06.Cog.1080p.CR.WEB-DL.DUAL.AAC2.0.H.264-VARYG.mkv,138
1780666321,,,/home/nhut/Movies/Series/Jujutsu Kaisen (2020)/Season 3/JUJUTSU.KAISEN.S03E05.Passion.1080p.CR.WEB-DL.DUAL.AAC2.0.H.264-VARYG.mkv,142
1780743631,,,/home/nhut/Downloads/Jigokuraku S2 01-11/[VNFS] Jigokuraku - 14 [1080p HEVC].mkv,93
1781010133,,,http://localhost:8888/webtorrent/f09546789f9f73accb65bfffec31e097cabcdb12/%5BSubsPlease%5D%20Kamiina%20Botan,%20Yoeru%20Sugata%20wa%20Yuri%20no%20Hana%20-%2008%20(1080p)%20%5BFD514447%5D.mkv,203
1781011995,,,http://localhost:8888/webtorrent/01c8c77b83a4c57370ed940bace193edb7fc91fa/NIPPON.SANGOKU.The.Three.Nations.of.the.Crimson.Sun.S01E01.An.Oath.for.Peace.1080p.AMZN.WEB-DL.DUAL.DDP2.0.H.264-VARYG.mkv,209
1781013666,,,http://localhost:8888/webtorrent/21c7973fde63904b9b8710da8d41fbb2b6061abe/NIPPON.SANGOKU.The.Three.Nations.of.the.Crimson.Sun.S01E06.Eve.of.War.1080p.AMZN.WEB-DL.DUAL.DDP2.0.H.264-VARYG.mkv,202
1781015285,,,http://localhost:8888/webtorrent/09be677cf78f3d7472b569bd7fa39b52e16363ae/NIPPON.SANGOKU.The.Three.Nations.of.the.Crimson.Sun.S01E07.The.Kanazawa.Night.Raid.1080p.AMZN.WEB-DL.DUAL.DDP2.0.H.264-VARYG.mkv,215
1781161920,,,/home/nhut/Movies/Series/Jujutsu Kaisen (2020)/Season 3/JUJUTSU.KAISEN.S03E01.Execution.1080p.CR.WEB-DL.DUAL.AAC2.0.H.264-VARYG.mkv,144
1781161992,,,/home/nhut/Movies/Series/Jujutsu Kaisen (2020)/Season 3/JUJUTSU.KAISEN.S03E07.Tokyo.No.1.Colony.Part.1.1080p.CR.WEB-DL.DUAL.AAC2.0.H.264-VARYG.mkv,159
1781163221,,,/home/nhut/Movies/Series/Jujutsu Kaisen (2020)/Season 3/JUJUTSU.KAISEN.S03E02.One.More.Time.1080p.CR.WEB-DL.DUAL.AAC2.0.H.264-VARYG.mkv,148
1781163288,,,/home/nhut/Movies/Series/Jujutsu Kaisen (2020)/Season 3/JUJUTSU.KAISEN.S03E09.Tokyo.No.1.Colony.Part.3.1080p.CR.WEB-DL.DUAL.AAC2.0.H.264-VARYG.mkv,159
1781164618,,,/home/nhut/Movies/Series/Jujutsu Kaisen (2020)/Season 3/JUJUTSU.KAISEN.S03E08.Tokyo.No.1.Colony.Part.2.1080p.CR.WEB-DL.DUAL.AAC2.0.H.264-VARYG.mkv,159
1781164674,,,/home/nhut/Movies/Series/Jujutsu Kaisen (2020)/Season 3/JUJUTSU.KAISEN.S03E06.Cog.1080p.CR.WEB-DL.DUAL.AAC2.0.H.264-VARYG.mkv,138
1781167183,,,/home/nhut/Downloads/Jujutsu Kaisen - Opening 5 ｜ ＂AIZO＂ ｜ UHD Creditless ｜ Subtitles.mp4,112
1781167579,64,Jujutsu Kaisen - Opening 5 | "AIZO" | UHD Creditless | Subtitles,/home/nhut/Ảnh động/Jujutsu Kaisen - Opening 5 ｜ ＂AIZO＂ ｜ UHD Creditless ｜ Subtitles [Sivw3mTrO60].mp4,196
1781228170,,,/home/nhut/Movies/Series/Jujutsu Kaisen (2020)/Season 3/JUJUTSU.KAISEN.S03E06.Cog.1080p.CR.WEB-DL.DUAL.AAC2.0.H.264-VARYG.mkv,138
1781228335,,,/home/nhut/Movies/Series/Jujutsu Kaisen (2020)/Season 3/JUJUTSU.KAISEN.S03E12.Sendai.Colony.1080p.CR.WEB-DL.DUAL.AAC2.0.H.264-VARYG.mkv,148
1781228385,,,/home/nhut/Movies/Series/Jujutsu Kaisen (2020)/Season 3/JUJUTSU.KAISEN.S03E10.Tokyo.No.1.Colony.Part.4.1080p.CR.WEB-DL.DUAL.AAC2.0.H.264-VARYG.mkv,159
1781229580,,,/home/nhut/Movies/Series/Jujutsu Kaisen (2020)/Season 3/JUJUTSU.KAISEN.S03E06.Cog.1080p.CR.WEB-DL.DUAL.AAC2.0.H.264-VARYG.mkv,138
1781230347,,,/home/nhut/Movies/Series/Jujutsu Kaisen (2020)/Season 3/JUJUTSU.KAISEN.S03E07.Tokyo.No.1.Colony.Part.1.1080p.CR.WEB-DL.DUAL.AAC2.0.H.264-VARYG.mkv,159
1781232183,,,/home/nhut/Videos/jjk.mp4,38
1781267194,,,/home/nhut/Videos/jjk.mp4,38
1781269957,,,/home/nhut/Movies/Series/Jujutsu Kaisen (2020)/Season 3/JUJUTSU.KAISEN.S03E05.Passion.1080p.CR.WEB-DL.DUAL.AAC2.0.H.264-VARYG.mkv,142
1781269989,,,/home/nhut/Movies/Series/Jujutsu Kaisen (2020)/Season 3/JUJUTSU.KAISEN.S03E03.About.the.Culling.Game.1080p.CR.WEB-DL.DUAL.AAC2.0.H.264-VARYG.mkv,157
1781360911,,,/home/nhut/Movies/Series/Jujutsu Kaisen (2020)/Season 3/JUJUTSU.KAISEN.S03E11.Tokyo.No.1.Colony.Part.5.1080p.CR.WEB-DL.DUAL.AAC2.0.H.264-VARYG.mkv,159
1781361662,,,/home/nhut/Movies/Series/Jujutsu Kaisen (2020)/Season 3/JUJUTSU.KAISEN.S03E10.Tokyo.No.1.Colony.Part.4.1080p.CR.WEB-DL.DUAL.AAC2.0.H.264-VARYG.mkv,159
1781361808,,,/home/nhut/Movies/Series/Jujutsu Kaisen (2020)/Season 3/JUJUTSU.KAISEN.S03E04.Perfect.Preparation.1080p.CR.WEB-DL.DUAL.AAC2.0.H.264-VARYG.mkv,154
1781362388,,,/home/nhut/Movies/Series/Jujutsu Kaisen (2020)/Season 3/JUJUTSU.KAISEN.S03E09.Tokyo.No.1.Colony.Part.3.1080p.CR.WEB-DL.DUAL.AAC2.0.H.264-VARYG.mkv,159
1781362474,,,/home/nhut/Movies/Series/Jujutsu Kaisen (2020)/Season 3/JUJUTSU.KAISEN.S03E10.Tokyo.No.1.Colony.Part.4.1080p.CR.WEB-DL.DUAL.AAC2.0.H.264-VARYG.mkv,159
1781526150,110,TVアニメ「黄泉のツガイ」ノンクレジットオープニングムービー｜Vaundy「飛ぶ時」,https://www.youtube.com/watch?v=E1fSjs1bA04,169
1781526307,86,【MMV】ダンダダンのアニメ化が楽しみすぎて作った動画｜DANDADAN,https://www.youtube.com/watch?v=nJnA77ohAIU,144
1781528518,,,http://localhost:8888/webtorrent/ef29e107c9279b7a1ef0491059b3c703182b5b2d/%5BErai-raws%5D%20Nippon%20Sangoku%20-%2011%20%5B1080p%20AMZN%20WEB-DL%20AVC%20EAC3%5D%5BMultiSub%5D%5B4CBA72EE%5D.mkv,205
1781530202,110,TVアニメ「黄泉のツガイ」ノンクレジットオープニングムービー｜Vaundy「飛ぶ時」,https://www.youtube.com/watch?v=E1fSjs1bA04,169
1781530220,110,TVアニメ「黄泉のツガイ」ノンクレジットオープニングムービー｜Vaundy「飛ぶ時」,https://www.youtube.com/watch?v=E1fSjs1bA04,169
1781530350,111,TVアニメ「黄泉のツガイ」ノンクレジットエンディングムービー｜yama「飛ぼうよ」,https://www.youtube.com/watch?v=InKfZBjNlQE&pp=ygUReW9taSBubyB0c3VnYWkgZWTSBwkJPgsBhyohjO8%3D,220
1781532233,111,TVアニメ「黄泉のツガイ」ノンクレジットエンディングムービー｜yama「飛ぼうよ」,https://www.youtube.com/watch?v=InKfZBjNlQE,170
1781532478,60,Botan Kamiina Fully Blossoms When Drunk - S01E03 - Episode 3,http://localhost:8888/webtorrent/b275684c0ddd9517992171e41d80536bffe1ab1c/%5Bsgt%5D%20Botan%20Kamiina%20Fully%20Blossoms%20When%20Drunk%20-%20S01E03%20(WEB%201080p%20HEVC).mkv,250
1781580212,,,/home/nhut/Downloads/output.m4a,44
1781615947,,,http://localhost:8888/webtorrent/086563904a89d989ab7332521cbda890f403037a/Agents.of.the.Four.Seasons.Dance.of.Spring.S01E01.The.Dance.of.Spring.1080p.CR.WEB-DL.DUAL.AAC2.0.H.264-VARYG.mkv,200
1781703273,39,Girls' Last Tour - S01E01 - YURASUKA v2,http://127.0.0.1:11470/ba9a25f9bdac78d786baebb822b6aa030fc284db/0?tr=tracker%3Audp%3A%2F%2Fzer0day.ch%3A1337%2Fannounce&tr=tracker%3Audp%3A%2F%2Ftracker.publictracker.xyz%3A6969%2Fannounce&tr=tracker%3Audp%3A%2F%2Ftracker.opentrackr.org%3A1337%2Fannounce&tr=tracker%3Audp%3A%2F%2Fopen.demonii.com%3A1337%2Fannounce&tr=tracker%3Audp%3A%2F%2Fopen.stealth.si%3A80%2Fannounce&tr=tracker%3Audp%3A%2F%2Fudp.tracker.projectk.org%3A23333%2Fannounce&tr=tracker%3Audp%3A%2F%2Fuabits.today%3A6990%2Fannounce&tr=tracker%3Audp%3A%2F%2Ftracker.wildkat.net%3A6969%2Fannounce&tr=tracker%3Audp%3A%2F%2Ftracker.torrent.eu.org%3A451%2Fannounce&tr=tracker%3Audp%3A%2F%2Ftracker.theoks.net%3A6969%2Fannounce&tr=tracker%3Audp%3A%2F%2Ftracker.t-1.org%3A6969%2Fannounce&tr=tracker%3Audp%3A%2F%2Ftracker.qu.ax%3A6969%2Fannounce&tr=tracker%3Audp%3A%2F%2Ftracker.opentorrent.top%3A6969%2Fannounce&tr=tracker%3Audp%3A%2F%2Ftracker.fnix.net%3A6969%2Fannounce&tr=tracker%3Audp%3A%2F%2Ftracker.filemail.com%3A6969%2Fannounce&tr=tracker%3Audp%3A%2F%2Ftracker.ducks.party%3A1984%2Fannounce&tr=tracker%3Audp%3A%2F%2Ftracker.corpscorp.online%3A80%2Fannounce&tr=tracker%3Audp%3A%2F%2Ftracker.bluefrog.pw%3A2710%2Fannounce&tr=tracker%3Audp%3A%2F%2Ftracker.bittor.pw%3A1337%2Fannounce&tr=tracker%3Audp%3A%2F%2Ftracker.auctor.tv%3A6969%2Fannounce&tr=tracker%3Ahttp%3A%2F%2Fnyaa.tracker.wf%3A7777%2Fannounce&tr=tracker%3Ahttp%3A%2F%2Fanidex.moe%3A6969%2Fannounce&tr=tracker%3Ahttp%3A%2F%2Ftracker.anirena.com%3A80%2Fannounce&tr=tracker%3Audp%3A%2F%2Ftracker.uw0.xyz%3A6969%2Fannounce&tr=tracker%3Ahttp%3A%2F%2Fshare.camoe.cn%3A8080%2Fannounce&tr=tracker%3Ahttp%3A%2F%2Ft.nyaatracker.com%3A80%2Fannounce&tr=dht%3Aba9a25f9bdac78d786baebb822b6aa030fc284db,1766
1781703276,39,Girls' Last Tour - S01E01 - YURASUKA v2,http://127.0.0.1:11470/ba9a25f9bdac78d786baebb822b6aa030fc284db/0?tr=tracker%3Audp%3A%2F%2Fzer0day.ch%3A1337%2Fannounce&tr=tracker%3Audp%3A%2F%2Ftracker.publictracker.xyz%3A6969%2Fannounce&tr=tracker%3Audp%3A%2F%2Ftracker.opentrackr.org%3A1337%2Fannounce&tr=tracker%3Audp%3A%2F%2Fopen.demonii.com%3A1337%2Fannounce&tr=tracker%3Audp%3A%2F%2Fopen.stealth.si%3A80%2Fannounce&tr=tracker%3Audp%3A%2F%2Fudp.tracker.projectk.org%3A23333%2Fannounce&tr=tracker%3Audp%3A%2F%2Fuabits.today%3A6990%2Fannounce&tr=tracker%3Audp%3A%2F%2Ftracker.wildkat.net%3A6969%2Fannounce&tr=tracker%3Audp%3A%2F%2Ftracker.torrent.eu.org%3A451%2Fannounce&tr=tracker%3Audp%3A%2F%2Ftracker.theoks.net%3A6969%2Fannounce&tr=tracker%3Audp%3A%2F%2Ftracker.t-1.org%3A6969%2Fannounce&tr=tracker%3Audp%3A%2F%2Ftracker.qu.ax%3A6969%2Fannounce&tr=tracker%3Audp%3A%2F%2Ftracker.opentorrent.top%3A6969%2Fannounce&tr=tracker%3Audp%3A%2F%2Ftracker.fnix.net%3A6969%2Fannounce&tr=tracker%3Audp%3A%2F%2Ftracker.filemail.com%3A6969%2Fannounce&tr=tracker%3Audp%3A%2F%2Ftracker.ducks.party%3A1984%2Fannounce&tr=tracker%3Audp%3A%2F%2Ftracker.corpscorp.online%3A80%2Fannounce&tr=tracker%3Audp%3A%2F%2Ftracker.bluefrog.pw%3A2710%2Fannounce&tr=tracker%3Audp%3A%2F%2Ftracker.bittor.pw%3A1337%2Fannounce&tr=tracker%3Audp%3A%2F%2Ftracker.auctor.tv%3A6969%2Fannounce&tr=tracker%3Ahttp%3A%2F%2Fnyaa.tracker.wf%3A7777%2Fannounce&tr=tracker%3Ahttp%3A%2F%2Fanidex.moe%3A6969%2Fannounce&tr=tracker%3Ahttp%3A%2F%2Ftracker.anirena.com%3A80%2Fannounce&tr=tracker%3Audp%3A%2F%2Ftracker.uw0.xyz%3A6969%2Fannounce&tr=tracker%3Ahttp%3A%2F%2Fshare.camoe.cn%3A8080%2Fannounce&tr=tracker%3Ahttp%3A%2F%2Ft.nyaatracker.com%3A80%2Fannounce&tr=dht%3Aba9a25f9bdac78d786baebb822b6aa030fc284db,1766
1781705058,,,/home/nhut/Downloads/Prisma.Illya.full.3617476.jpg,63
1781705058,,,/home/nhut/Downloads/shounen-la-gi-thumbnail.jpg,61
1781705058,,,/home/nhut/Downloads/tung-tung-sahur.mp3,53
1781705464,,,/home/nhut/.cache/webtorrent/Reborn.as.a.Vending.Machine.I.Now.Wander.the.Dungeon.S03E11.1080p.CR.WEB-DL.JPN.AAC2.0.H.264.MSubs-ToonsHub.mkv,153
1781781299,,,/home/nhut/Videos/recording_20260618_181405.mp4,60
1781870722,103,TVアニメ『呪術廻戦』第4期「死滅回游 後編」ティザーPV｜第4期鋭意制作中！,https://www.youtube.com/watch?v=HGCsAcFzaFw&pp=ygULamprIHRyYWlsZXLSBwkJPwsBhyohjO8%3D,204
1781871883,91,【公式】『呪術廻戦≡』最終3巻発売記念 スペシャルPV【制作:MAPPA】,https://www.youtube.com/watch?v=jK4mmTMxu7s&pp=ygULamprIHRyYWlsZXI%3D,175
1781873206,31,Blue Moon -Tales of ARISE ver.-,https://www.youtube.com/watch?v=Ggkn2f5e-IU,89
1781873256,,,/home/nhut/Movies/Series/Jujutsu Kaisen (2020)/Season 3/JUJUTSU.KAISEN.S03E09.Tokyo.No.1.Colony.Part.3.1080p.CR.WEB-DL.DUAL.AAC2.0.H.264-VARYG.mkv,159
1781873500,103,TVアニメ『呪術廻戦』第4期「死滅回游 後編」ティザーPV｜第4期鋭意制作中！,https://www.youtube.com/watch?v=HGCsAcFzaFw,162
1781873517,103,TVアニメ『呪術廻戦』第4期「死滅回游 後編」ティザーPV｜第4期鋭意制作中！,https://www.youtube.com/watch?v=HGCsAcFzaFw,162
1781874204,107,『チェンソーマン 刺客篇』ティザーPV②／Chainsaw Man –  Assassins Arc Official Trailer 2,https://www.youtube.com/watch?v=s8cP1Vt5US8,166
1781874879,112,アニメ『チェンソーマン』スマホゲーム OPムービー｜Chainsaw Man Mobile Game - Opening Movie,https://www.youtube.com/watch?v=79vTeZzLmcY,171
1781875119,85,NGƯỜI Ở ĐỪNG VỀ - The Flob ft. Ca Nương Kiều Anh | OFFICIAL MUSIC VIDEO,https://www.youtube.com/watch?v=dvg2O9xXCAA,143
1781875132,85,NGƯỜI Ở ĐỪNG VỀ - The Flob ft. Ca Nương Kiều Anh | OFFICIAL MUSIC VIDEO,https://www.youtube.com/watch?v=dvg2O9xXCAA,143
1782217538,37,KAGURABACHI｜Official Teaser Trailer,https://www.youtube.com/watch?v=LFJJA8Qeqz4,95
1782217606,107,『チェンソーマン 刺客篇』ティザーPV②／Chainsaw Man –  Assassins Arc Official Trailer 2,https://www.youtube.com/watch?v=s8cP1Vt5US8,166
1782219362,,,/home/nhut/Downloads/fc4ad2f701904c26350df0b8db3167df.jpg,70
1782219363,,,/home/nhut/Downloads/interstellar-feat.jpeg,56
1782219363,,,/home/nhut/Downloads/Jujutsu Kaisen - Opening 5 ｜ ＂AIZO＂ ｜ UHD Creditless ｜ Subtitles.mp4,112
1782219417,,,/home/nhut/Downloads/fc4ad2f701904c26350df0b8db3167df.jpg,70
1782219417,,,/home/nhut/Downloads/interstellar-feat.jpeg,56
1782219417,,,/home/nhut/Downloads/Jujutsu Kaisen - Opening 5 ｜ ＂AIZO＂ ｜ UHD Creditless ｜ Subtitles.mp4,112
1782219425,,,/home/nhut/Downloads/fc4ad2f701904c26350df0b8db3167df.jpg,70
1782219425,,,/home/nhut/Downloads/interstellar-feat.jpeg,56
1782219425,,,/home/nhut/Downloads/Jujutsu Kaisen - Opening 5 ｜ ＂AIZO＂ ｜ UHD Creditless ｜ Subtitles.mp4,112
1782219489,,,/home/nhut/Downloads/fc4ad2f701904c26350df0b8db3167df.jpg,70
1782219489,,,/home/nhut/Downloads/interstellar-feat.jpeg,56
1782219489,,,/home/nhut/Downloads/Jujutsu Kaisen - Opening 5 ｜ ＂AIZO＂ ｜ UHD Creditless ｜ Subtitles.mp4,112
1782219633,80,[Erai-raws] Kamiina Botan - 10 [1080p CR WEB-DL AVC AAC][MultiSub][791CADE0].mkv,http://localhost:8090/stream/%5BErai%2Draws%5D+Kamiina+Botan+%2D+10+%5B1080p+CR+WEB%2DDL+AVC+AAC%5D%5BMultiSub%5D%5B791CADE0%5D%2Emkv?play&index=1&link=https%3A%2F%2Fnyaa%2Eland%2Fdownload%2F2120924%2Etorrent,303
1782299686,95,TVアニメ『SAKAMOTO DAYS』第2期 ティザーPV｜Season 2 Teaser Trailer｜2027.01 ON AIR,https://www.youtube.com/watch?v=1YSQ1mD20G0,153
1782299946,72,《记忆管理局》False Memory | Official Trailer (August 2 Premiere),https://www.youtube.com/watch?v=yfz2c9LE6ew,130
1782300134,119,『THE RIBBON HERO リボンヒーロー』第2弾予告公開 / 2026年8月8日(土)　Netflix世界独占配信開始,https://www.youtube.com/watch?v=P4oxsg2vjc8,178
1782300312,106,Trailer 03 - Thất nghiệp chuyển sinh: Sang thế giới khác tôi sẽ nghiêm túc S3 [Việt sub],https://www.youtube.com/watch?v=qJyetLX4ABo,165
1782300439,75,CỎ BIẾC HOÁ VÀNG | narcis & Kazanalam (Prod. by wjnabu) | OFFICIAL MV,https://www.youtube.com/watch?v=1Xg5xW5IDo4,133
1782308622,93,CAM Concert: Nhạc Ngọt Để Đời | NỨT (đôi chân đôi tay đôi mắt trái tim),https://www.youtube.com/watch?v=eptGw4oBVP0,151
1782561260,79,【崩壊：スターレイル】千冶・刃 キャラクターPV 「滅度」,https://www.youtube.com/watch?v=qtodm5Uf-t4,137
1782561390,98,"Mobile Suit Gundam the Witch from Mercury"　Season2 Textless version of opening  "slash" by yama,https://www.youtube.com/watch?v=DVsTObmkotY,156
1782561570,98,"Mobile Suit Gundam the Witch from Mercury" Textless version of opening  "The Blessing" by YOASOBI,https://www.youtube.com/watch?v=vIhQ9zya2-g,156
1782562958,98,"Mobile Suit Gundam the Witch from Mercury"　Season2 Textless version of opening  "slash" by yama,https://www.youtube.com/watch?v=DVsTObmkotY,156
1782563017,98,"Mobile Suit Gundam the Witch from Mercury"　Season2 Textless version of opening  "slash" by yama,https://www.youtube.com/watch?v=DVsTObmkotY,156
1782563110,106,Trailer 03 - Thất nghiệp chuyển sinh: Sang thế giới khác tôi sẽ nghiêm túc S3 [Việt sub],https://www.youtube.com/watch?v=qJyetLX4ABo,165
1782563300,98,"Mobile Suit Gundam the Witch from Mercury" Textless version of opening  "The Blessing" by YOASOBI,https://www.youtube.com/watch?v=vIhQ9zya2-g,156
1782563604,98,"Mobile Suit Gundam the Witch from Mercury" Textless version of opening  "The Blessing" by YOASOBI,https://www.youtube.com/watch?v=vIhQ9zya2-g,156
1782563897,98,"Mobile Suit Gundam the Witch from Mercury" Textless version of opening  "The Blessing" by YOASOBI,https://www.youtube.com/watch?v=vIhQ9zya2-g,156
1782564908,98,"Mobile Suit Gundam the Witch from Mercury" Textless version of opening  "The Blessing" by YOASOBI,https://www.youtube.com/watch?v=vIhQ9zya2-g,156
1782565164,72,《记忆管理局》False Memory | Official Trailer (August 2 Premiere),https://www.youtube.com/watch?v=yfz2c9LE6ew,130
1782565629,39,Spook and Spell  • Sakuga 作画  AMV,https://www.youtube.com/watch?v=J88LsDsexig,97
1782566371,69,Yutaka Nakamura 中村 豊|| Sakuga MAD サクガ [Animator Showcase],https://www.youtube.com/watch?v=k5TAsN2wZjk,127
1782566682,48,Animation Insights • Yutaka Nakamura 中村豊,https://www.youtube.com/watch?v=C-XJx5zp4P8&t=11s,112
1782567140,53,Animator Showcase: Yutaka Nakamura 中村 豊 AMV/MAD,https://www.youtube.com/watch?v=osRa-wtf5bk,111
1782567162,53,Animator Showcase: Yutaka Nakamura 中村 豊 AMV/MAD,https://www.youtube.com/watch?v=osRa-wtf5bk,111
1782567396,54,中村 豊 (Yutaka Nakamura) Works / 作画 Sakuga MAD,https://www.youtube.com/watch?v=C6l2iy6wY5E,112
1782569005,,,/home/nhut/Movies/Series/Jujutsu Kaisen (2020)/Season 3/JUJUTSU.KAISEN.S03E09.Tokyo.No.1.Colony.Part.3.1080p.CR.WEB-DL.DUAL.AAC2.0.H.264-VARYG.mkv,159
1782570652,,,/home/nhut/Movies/Series/Jujutsu Kaisen (2020)/Season 3/JUJUTSU.KAISEN.S03E08.Tokyo.No.1.Colony.Part.2.1080p.CR.WEB-DL.DUAL.AAC2.0.H.264-VARYG.mkv,159
1782570892,,,/home/nhut/Movies/Series/Jujutsu Kaisen (2020)/Season 3/JUJUTSU.KAISEN.S03E07.Tokyo.No.1.Colony.Part.1.1080p.CR.WEB-DL.DUAL.AAC2.0.H.264-VARYG.mkv,159
1782570972,,,/home/nhut/Movies/Series/Jujutsu Kaisen (2020)/Season 3/JUJUTSU.KAISEN.S03E02.One.More.Time.1080p.CR.WEB-DL.DUAL.AAC2.0.H.264-VARYG.mkv,148
1782572541,,,/home/nhut/Movies/Series/Jujutsu Kaisen (2020)/Season 3/JUJUTSU.KAISEN.S03E06.Cog.1080p.CR.WEB-DL.DUAL.AAC2.0.H.264-VARYG.mkv,138
1782572689,,,/home/nhut/Movies/Series/86 Eighty Six [BD][1080p][HEVC 10bit x265][Dual Audio][Tenrai-Sensei]/Season 1/86 Eighty Six - S01E10 - Thank You.mkv,155
1782648266,,,http://localhost:8090/stream/Solo%20Leveling%20-%20S02E06%20-%20Don't%20Look%20Down%20on%20My%20Guys.mkv?link=754c1e2e2272dee43610210a116640efc68ed455&index=1&play,176
1782651230,,,http://localhost:8090/stream/%5BMoozzi2%5D%20Kekkai%20Sensen%20-%2001%20(BD%201920x1080%20x265-10Bit%20Flac).mkv?link=45afdd1fd174f93745311923e09fe3359474c82b&index=40&play,185
1782651785,43,Kagurabachi | Official Teaser | Crunchyroll,https://www.youtube.com/watch?v=s9HIgo6_2K4,101
1782651898,107,『チェンソーマン 刺客篇』ティザーPV②／Chainsaw Man –  Assassins Arc Official Trailer 2,https://www.youtube.com/watch?v=s8cP1Vt5US8,166
1782652005,103,TVアニメ『呪術廻戦』第4期「死滅回游 後編」ティザーPV｜第4期鋭意制作中！,https://www.youtube.com/watch?v=HGCsAcFzaFw,162
1782652177,70,「SEKIRO: NO DEFEAT」予告｜9月4日(金)より3週間限定上映,https://www.youtube.com/watch?v=q0zQNh0wSb0,128
1782652320,56,「SEKIRO: NO DEFEAT」PV｜2026年劇場版全国公開,https://www.youtube.com/watch?v=y5MiWXKGVyc,114
1782652512,81,Puella Magi Madoka Magica the Movie -Walpurgisnacht Rising- | OFFICIAL TRAILER #3,https://www.youtube.com/watch?v=g0CsWEIb6D4,139
1782652639,114,【本編ライブシーン】星降る海 – Aqu3ra / 月見ヤチヨ(cv.早見沙織) from #超かぐや姫 ！,https://www.youtube.com/watch?v=55moNn0leAU,173
1782656462,96,【💐7月7日放送開始💐】TVアニメ『きみが死ぬまで恋をしたい』第2弾PV,https://www.youtube.com/watch?v=zJLbfK_9ZmQ,154
1782696008,71,Cyberpsycho VS the NCPD | Cyberpunk: Edgerunners | Clip | Netflix Anime,https://www.youtube.com/watch?v=YRL74JmhVgk,129
1782703749,104,ＴＶアニメ 「Ｄｒ．ＳＴＯＮＥ」 第2クールOP＜三原色＞ノンクレジット映像,https://www.youtube.com/watch?v=SohCAjC-Npk,163
1782703878,101,TVアニメ『Dr.STONE NEW WORLD』第1クールOP＜ワスレガタキ＞ノンクレジット映像,https://www.youtube.com/watch?v=81H41vp96ag,160
1782716883,46,《记忆管理局》正式pv/ False Memory PV,https://www.youtube.com/watch?v=XzIfoPPwbU8,104
1782716981,46,《记忆管理局》正式pv/ False Memory PV,https://www.youtube.com/watch?v=XzIfoPPwbU8,104
1782717138,72,《记忆管理局》False Memory | Official Trailer (August 2 Premiere),https://www.youtube.com/watch?v=yfz2c9LE6ew,130
1782717325,49,《记忆管理局》概念PV /  False Memory  PV,https://www.youtube.com/watch?v=zi38xh7p528,107
1782717946,72,《记忆管理局》False Memory | Official Trailer (August 2 Premiere),https://www.youtube.com/watch?v=yfz2c9LE6ew,130
1782718080,46,《记忆管理局》正式pv/ False Memory PV,https://www.youtube.com/watch?v=XzIfoPPwbU8,104
1782733642,72,《记忆管理局》False Memory | Official Trailer (August 2 Premiere),https://www.youtube.com/watch?v=yfz2c9LE6ew,130
1782734369,46,《记忆管理局》正式pv/ False Memory PV,https://www.youtube.com/watch?v=XzIfoPPwbU8,104
1782734483,72,《记忆管理局》False Memory | Official Trailer (August 2 Premiere),https://www.youtube.com/watch?v=yfz2c9LE6ew,130
1782734605,71,Original independent animation “False Memory” by Studio Flint Sugar,https://www.youtube.com/watch?v=WPabB9vv_ks&t=544s,136
1782736037,12,False Memory,https://www.youtube.com/watch?v=EWGlwtMQFZA,70
1782737067,72,《记忆管理局》False Memory | Official Trailer (August 2 Premiere),https://www.youtube.com/watch?v=yfz2c9LE6ew,130
1782740699,92,アニメ『血界戦線』ノンクレジットOP／♪：「Hello,world!」BUMP OF CHICKEN,https://www.youtube.com/watch?v=0nkJ8wPseSM,150
1782740903,49,《记忆管理局》概念PV /  False Memory  PV,https://www.youtube.com/watch?v=zi38xh7p528,107
1782741032,40,Action アクション Sakuga 作画 MAD,https://www.youtube.com/watch?v=60b_9aSaNvU&t=168s,105
1782742823,55,Animation Spring 2026  アニメーション Sakuga MAD,https://www.youtube.com/watch?v=6qJSek425UQ,113
1782743238,58,Every Villain Has a Backstory | Rent-a-Girlfriend Season 5,https://www.youtube.com/watch?v=QMT2TbYek9w,116
1782743536,86,『超かぐや姫！』特報｜ 2026年1月22日(木)Netflixにて世界独占配信,https://www.youtube.com/watch?v=RBZr5aT0qjc,144
1782743715,72,《记忆管理局》False Memory | Official Trailer (August 2 Premiere),https://www.youtube.com/watch?v=yfz2c9LE6ew,130
1782743886,,,/home/nhut/Movies/Movies/Chainsaw.Man.The.Movie.Reze.Arc.2025.1080p.DS4K.DUAL.AV1-mSokudo.mkv,106
1782744441,26,Weathering with You (2019),/home/nhut/Movies/Movies/Weathering.with.You.2019.REPACK.1080p.BluRay.Opus5.1.AV1-Tasokare.mkv,135
1782744680,26,Weathering with You (2019),/home/nhut/Movies/Movies/Weathering.with.You.2019.REPACK.1080p.BluRay.Opus5.1.AV1-Tasokare.mkv,135
1782744842,26,Weathering with You (2019),/home/nhut/Movies/Movies/Weathering.with.You.2019.REPACK.1080p.BluRay.Opus5.1.AV1-Tasokare.mkv,135
1782780789,44,Cyberpunk: Edgerunners 2 | Official Teaser 2,https://www.youtube.com/watch?v=mV7451mcw-E,102
1782781447,72,《记忆管理局》False Memory | Official Trailer (August 2 Premiere),https://www.youtube.com/watch?v=yfz2c9LE6ew,130
1782781965,,,/home/nhut/Downloads/《记忆管理局》False Memory ｜ Official Trailer (August 2 Premiere) [yfz2c9LE6ew].webm,127
1782782054,,,/home/nhut/Downloads/《记忆管理局》False Memory ｜ Official Trailer (August 2 Premiere) [yfz2c9LE6ew].webm,127
1782782116,,,/home/nhut/Downloads/《记忆管理局》False Memory ｜ Official Trailer (August 2 Premiere) [yfz2c9LE6ew].webm,127
1782782212,,,/home/nhut/Downloads/《记忆管理局》False Memory ｜ Official Trailer (August 2 Premiere) [yfz2c9LE6ew].webm,127
1782782392,,,/home/nhut/Downloads/《记忆管理局》正式pv⧸ False Memory PV [XzIfoPPwbU8].mkv,100
1782786508,,,/home/nhut/Downloads/《记忆管理局》正式pv⧸ False Memory PV [XzIfoPPwbU8].mkv,100
1782786638,,,/home/nhut/Downloads/《记忆管理局》正式pv⧸ False Memory PV [XzIfoPPwbU8].mkv,100
1782790338,,,/home/nhut/Downloads/《记忆管理局》正式pv⧸ False Memory PV [XzIfoPPwbU8].mkv,100
1782790543,,,/home/nhut/Downloads/《记忆管理局》False Memory ｜ Official Trailer (August 2 Premiere) [yfz2c9LE6ew].mkv,126
1782790650,,,/home/nhut/Downloads/《记忆管理局》正式pv⧸ False Memory PV [XzIfoPPwbU8].mkv,100
1782790655,,,/home/nhut/Downloads/《记忆管理局》False Memory ｜ Official Trailer (August 2 Premiere) [yfz2c9LE6ew].mkv,126
1782790775,,,/home/nhut/Downloads/《记忆管理局》False Memory ｜ Official Trailer (August 2 Premiere) [yfz2c9LE6ew].mkv,126
1782818730,,,/home/nhut/Movies/Series/[Trix] FLCL (2000) - AV1/[Trix] FLCL (2000) - 04 (BD 1080p AV1) [1CA39AF3].mkv,116
1782820499,,,/home/nhut/Movies/Series/[Trix] FLCL (2000) - AV1/[Trix] FLCL (2000) - 05 (BD 1080p AV1) [70329494].mkv,116
1782820702,,,/home/nhut/Movies/Series/[Trix] FLCL (2000) - AV1/[Trix] FLCL (2000) - 05 (BD 1080p AV1) [70329494].mkv,116
1782820806,,,/home/nhut/Movies/Series/[Trix] FLCL (2000) - AV1/[Trix] FLCL (2000) - 05 (BD 1080p AV1) [70329494].mkv,116
1782820837,,,/home/nhut/Movies/Series/[Trix] FLCL (2000) - AV1/[Trix] FLCL (2000) - 05 (BD 1080p AV1) [70329494].mkv,116
1782820867,,,/home/nhut/Movies/Series/[Trix] FLCL (2000) - AV1/[Trix] FLCL (2000) - 05 (BD 1080p AV1) [70329494].mkv,116
1782820919,,,/home/nhut/Movies/Series/[Trix] FLCL (2000) - AV1/[Trix] FLCL (2000) - 05 (BD 1080p AV1) [70329494].mkv,116
1782821104,,,/home/nhut/Downloads/《记忆管理局》False Memory ｜ Official Trailer (August 2 Premiere) [yfz2c9LE6ew].mkv,126
1782821220,,,/home/nhut/Downloads/《记忆管理局》正式pv⧸ False Memory PV [XzIfoPPwbU8].mkv,100
1782821340,,,/home/nhut/Movies/Series/Jujutsu Kaisen (2020)/Season 3/JUJUTSU.KAISEN.S03E12.Sendai.Colony.1080p.CR.WEB-DL.DUAL.AAC2.0.H.264-VARYG.mkv,148
1782821676,,,/home/nhut/Downloads/《记忆管理局》False Memory ｜ Official Trailer (August 2 Premiere) [yfz2c9LE6ew].mkv,126
1782821713,,,/home/nhut/Downloads/《记忆管理局》False Memory ｜ Official Trailer (August 2 Premiere) [yfz2c9LE6ew].mkv,126
1782821814,,,/home/nhut/Downloads/《记忆管理局》正式pv⧸ False Memory PV [XzIfoPPwbU8].mkv,100
1782822585,,,/home/nhut/Downloads/Cyberpunk： Edgerunners 2 ｜ Official Teaser #2 ｜ Netflix [QBlPg818lGI].mkv,113
1782822733,,,/home/nhut/Downloads/Cyberpunk： Edgerunners 2 ｜ Official Teaser 2 [mV7451mcw-E].mkv,100
1782822836,,,/home/nhut/Downloads/Cyberpunk： Edgerunners 2 ｜ Official Teaser 2 [mV7451mcw-E].mkv,100
1782822918,,,/home/nhut/Downloads/fc4ad2f701904c26350df0b8db3167df.jpg,70
1782822919,,,/home/nhut/Downloads/interstellar-feat.jpeg,56
1782822919,,,/home/nhut/Downloads/Jujutsu Kaisen - Opening 5 ｜ ＂AIZO＂ ｜ UHD Creditless ｜ Subtitles.mp4,112
1782822971,,,/home/nhut/Downloads/《记忆管理局》False Memory ｜ Official Trailer (August 2 Premiere) [yfz2c9LE6ew].mkv,126
1782823120,,,/home/nhut/Downloads/《记忆管理局》正式pv⧸ False Memory PV [XzIfoPPwbU8].mkv,100
1782823165,,,/home/nhut/Downloads/《记忆管理局》正式pv⧸ False Memory PV [XzIfoPPwbU8].mkv,100
1782823168,,,/home/nhut/Downloads/《记忆管理局》正式pv⧸ False Memory PV [XzIfoPPwbU8].mkv,100
1782823173,,,/home/nhut/Downloads/《记忆管理局》正式pv⧸ False Memory PV [XzIfoPPwbU8].mkv,100
1782823332,,,/home/nhut/Movies/Series/[Trix] FLCL (2000) - AV1/[Trix] FLCL (2000) - 05 (BD 1080p AV1) [70329494].mkv,116
1782823545,,,/home/nhut/Movies/Series/[Trix] FLCL (2000) - AV1/[Trix] FLCL (2000) - 06 (BD 1080p AV1) [94ABCC3B].mkv,116
1782826502,,,/home/nhut/Movies/Series/[Trix] FLCL (2000) - AV1/[Trix] FLCL (2000) - 01 (BD 1080p AV1) [821409C9].mkv,116
1782829328,,,/home/nhut/Downloads/Cyberpunk： Edgerunners 2 ｜ Official Teaser 2 [mV7451mcw-E].mkv,100
1782829427,,,/home/nhut/Downloads/fc4ad2f701904c26350df0b8db3167df.jpg,70
1782829427,,,/home/nhut/Downloads/interstellar-feat.jpeg,56
1782829427,,,/home/nhut/Downloads/Jujutsu Kaisen - Opening 5 ｜ ＂AIZO＂ ｜ UHD Creditless ｜ Subtitles.mp4,112
1782829832,103,TVアニメ『呪術廻戦』第4期「死滅回游 後編」ティザーPV｜第4期鋭意制作中！,https://www.youtube.com/watch?v=HGCsAcFzaFw,162
1782831151,,,/home/nhut/Movies/Series/Jujutsu Kaisen (2020)/Season 3/JUJUTSU.KAISEN.S03E04.Perfect.Preparation.1080p.CR.WEB-DL.DUAL.AAC2.0.H.264-VARYG.mkv,154
1782831167,,,/home/nhut/Movies/Series/Jujutsu Kaisen (2020)/Season 3/JUJUTSU.KAISEN.S03E03.About.the.Culling.Game.1080p.CR.WEB-DL.DUAL.AAC2.0.H.264-VARYG.mkv,157
1782831236,,,/home/nhut/Movies/Series/Jujutsu Kaisen (2020)/Season 3/JUJUTSU.KAISEN.S03E03.About.the.Culling.Game.1080p.CR.WEB-DL.DUAL.AAC2.0.H.264-VARYG.mkv,157
1782831298,,,/home/nhut/Movies/Series/Jujutsu Kaisen (2020)/Season 3/JUJUTSU.KAISEN.S03E03.About.the.Culling.Game.1080p.CR.WEB-DL.DUAL.AAC2.0.H.264-VARYG.mkv,157
1782831923,,,/home/nhut/Movies/Series/Jujutsu Kaisen (2020)/Season 3/JUJUTSU.KAISEN.S03E03.About.the.Culling.Game.1080p.CR.WEB-DL.DUAL.AAC2.0.H.264-VARYG.mkv,157
1782831951,,,/home/nhut/Movies/Series/Jujutsu Kaisen (2020)/Season 3/JUJUTSU.KAISEN.S03E03.About.the.Culling.Game.1080p.CR.WEB-DL.DUAL.AAC2.0.H.264-VARYG.mkv,157
1782832089,,,/home/nhut/Movies/Series/Jujutsu Kaisen (2020)/Season 3/JUJUTSU.KAISEN.S03E03.About.the.Culling.Game.1080p.CR.WEB-DL.DUAL.AAC2.0.H.264-VARYG.mkv,157
1782832172,,,/home/nhut/Movies/Series/Jujutsu Kaisen (2020)/Season 3/JUJUTSU.KAISEN.S03E03.About.the.Culling.Game.1080p.CR.WEB-DL.DUAL.AAC2.0.H.264-VARYG.mkv,157
1782832188,,,/home/nhut/Movies/Series/Jujutsu Kaisen (2020)/Season 3/JUJUTSU.KAISEN.S03E03.About.the.Culling.Game.1080p.CR.WEB-DL.DUAL.AAC2.0.H.264-VARYG.mkv,157
1782832238,,,/home/nhut/Movies/Series/Jujutsu Kaisen (2020)/Season 3/JUJUTSU.KAISEN.S03E03.About.the.Culling.Game.1080p.CR.WEB-DL.DUAL.AAC2.0.H.264-VARYG.mkv,157
1782832266,,,/home/nhut/Movies/Series/Jujutsu Kaisen (2020)/Season 3/JUJUTSU.KAISEN.S03E03.About.the.Culling.Game.1080p.CR.WEB-DL.DUAL.AAC2.0.H.264-VARYG.mkv,157
1782832280,,,/home/nhut/Movies/Series/Jujutsu Kaisen (2020)/Season 3/JUJUTSU.KAISEN.S03E03.About.the.Culling.Game.1080p.CR.WEB-DL.DUAL.AAC2.0.H.264-VARYG.mkv,157
1782832317,,,/home/nhut/Movies/Series/Jujutsu Kaisen (2020)/Season 3/JUJUTSU.KAISEN.S03E03.About.the.Culling.Game.1080p.CR.WEB-DL.DUAL.AAC2.0.H.264-VARYG.mkv,157
1782868706,,,/home/nhut/Downloads/Cyberpunk： Edgerunners 2 ｜ Official Teaser 2 [mV7451mcw-E].mkv,100
1782868805,,,/home/nhut/Downloads/fc4ad2f701904c26350df0b8db3167df.jpg,70
1782868805,,,/home/nhut/Downloads/interstellar-feat.jpeg,56
1782868805,,,/home/nhut/Downloads/Jujutsu Kaisen - Opening 5 ｜ ＂AIZO＂ ｜ UHD Creditless ｜ Subtitles.mp4,112
1782868809,,,/home/nhut/Downloads/《记忆管理局》False Memory ｜ Official Trailer (August 2 Premiere) [yfz2c9LE6ew].mkv,126
1782869010,,,/home/nhut/Downloads/《记忆管理局》正式pv⧸ False Memory PV [XzIfoPPwbU8].mkv,100
1782869105,,,/home/nhut/Downloads/《记忆管理局》正式pv⧸ False Memory PV [XzIfoPPwbU8].mkv,100
1782869215,,,/home/nhut/Movies/Series/86 Eighty Six [BD][1080p][HEVC 10bit x265][Dual Audio][Tenrai-Sensei]/Season 1/86 Eighty Six - S01E10 - Thank You.mkv,155
1782869222,,,/home/nhut/Movies/Series/86 Eighty Six [BD][1080p][HEVC 10bit x265][Dual Audio][Tenrai-Sensei]/Season 1/86 Eighty Six - S01E11 - Here We Go.mkv,156
1782869243,,,/home/nhut/Movies/Series/86 Eighty Six [BD][1080p][HEVC 10bit x265][Dual Audio][Tenrai-Sensei]/Season 1/86 Eighty Six - S01E10 - Thank You.mkv,155
1782869579,,,/home/nhut/Movies/Series/Jujutsu Kaisen (2020)/Season 3/JUJUTSU.KAISEN.S03E11.Tokyo.No.1.Colony.Part.5.1080p.CR.WEB-DL.DUAL.AAC2.0.H.264-VARYG.mkv,159
1782869585,,,/home/nhut/Movies/Series/Jujutsu Kaisen (2020)/Season 3/JUJUTSU.KAISEN.S03E10.Tokyo.No.1.Colony.Part.4.1080p.CR.WEB-DL.DUAL.AAC2.0.H.264-VARYG.mkv,159
1782870983,,,/home/nhut/Movies/Series/Jujutsu Kaisen (2020)/Season 3/JUJUTSU.KAISEN.S03E01.Execution.1080p.CR.WEB-DL.DUAL.AAC2.0.H.264-VARYG.mkv,144
1782885319,,,/home/nhut/Downloads/《记忆管理局》False Memory ｜ Official Trailer (August 2 Premiere) [yfz2c9LE6ew].mkv,126
1782885417,,,/home/nhut/Downloads/《记忆管理局》正式pv⧸ False Memory PV [XzIfoPPwbU8].mkv,100
1782909355,58,Thiếu chủ giỏi chạy trốn - Tập 01 [Việt sub],https://www.youtube.com/watch?v=_FdDDUkQXY0,116
1782910600,,,/home/nhut/Downloads/Cyberpunk： Edgerunners 2 ｜ Official Teaser 2 [mV7451mcw-E].mkv,100
1782910696,,,/home/nhut/Downloads/fc4ad2f701904c26350df0b8db3167df.jpg,70
1782910696,,,/home/nhut/Downloads/interstellar-feat.jpeg,56
1782910696,,,/home/nhut/Downloads/Jujutsu Kaisen - Opening 5 ｜ ＂AIZO＂ ｜ UHD Creditless ｜ Subtitles.mp4,112
1782910702,,,/home/nhut/Downloads/《记忆管理局》False Memory ｜ Official Trailer (August 2 Premiere) [yfz2c9LE6ew].mkv,126
1782910809,,,/home/nhut/Downloads/《记忆管理局》正式pv⧸ False Memory PV [XzIfoPPwbU8].mkv,100
1782914132,,,/home/nhut/Downloads/Cyberpunk： Edgerunners 2 ｜ Official Teaser 2 [mV7451mcw-E].mkv,100
1782914257,,,/home/nhut/Downloads/fc4ad2f701904c26350df0b8db3167df.jpg,70
1782914257,,,/home/nhut/Downloads/interstellar-feat.jpeg,56
1782914260,,,/home/nhut/Downloads/《记忆管理局》False Memory ｜ Official Trailer (August 2 Premiere) [yfz2c9LE6ew].mkv,126
1782914369,,,/home/nhut/Downloads/《记忆管理局》正式pv⧸ False Memory PV [XzIfoPPwbU8].mkv,100
1782914369,,,/home/nhut/Downloads/Jigokuraku S2 01-11/[VNFS] Jigokuraku - 14 [1080p HEVC].mkv,93
1782914427,,,/home/nhut/Movies/Series/Jigokuraku S2 01-11/[VNFS] Jigokuraku - 18 [1080p HEVC].mkv,97
1782914444,,,/home/nhut/Movies/Series/Jigokuraku S2 01-11/[VNFS] Jigokuraku - 19 [1080p HEVC].mkv,97
1782915895,,,/home/nhut/Movies/Series/Jigokuraku S2 01-11/[VNFS] Jigokuraku - 20 [1080p HEVC].mkv,97
1782918650,,,/home/nhut/Downloads/帅炸！经典网游《地下城与勇士》动画来了！《DNF》首曝预告 [BV1U37M6UEZk].mkv,134
1782919196,,,/home/nhut/Downloads/DNF.mp4,41
1782919327,,,/home/nhut/Downloads/fc4ad2f701904c26350df0b8db3167df.jpg,70
1782919327,,,/home/nhut/Downloads/interstellar-feat.jpeg,56
1782919327,,,/home/nhut/Downloads/Jujutsu Kaisen - Opening 5 ｜ ＂AIZO＂ ｜ UHD Creditless ｜ Subtitles.mp4,112
1782958738,71,Trailer - GROW UP SHOW -RẠP XIẾC HOA HƯỚNG DƯƠNG- [Việt sub],https://www.youtube.com/watch?v=PC2sRajYTE8,129
1782959316,,,/home/nhut/Downloads/《记忆管理局》False Memory ｜ Official Trailer (August 2 Premiere) [yfz2c9LE6ew].mkv,126
1782959585,,,/home/nhut/Downloads/Original independent animation “False Memory” by Studio Flint Sugar [WPabB9vv_ks].mkv,123
1782959637,,,/home/nhut/Downloads/Cyberpunk： Edgerunners 2 ｜ Official Teaser 2 [mV7451mcw-E].mkv,100
1782959736,,,/home/nhut/Downloads/DNF.mp4,41
1782959744,,,/home/nhut/Downloads/Original independent animation “False Memory” by Studio Flint Sugar [WPabB9vv_ks].mkv,123
1782960862,,,/home/nhut/Downloads/Prisma.Illya.full.3617476.jpg,63
1782960863,,,/home/nhut/Downloads/shounen-la-gi-thumbnail.jpg,61
1782960863,,,/home/nhut/Downloads/wallhaven-6o7vq6.jpg,54
1782960864,,,/home/nhut/Downloads/Watch-Free-Hero-2048x1152-1.webp,66
1782960864,,,/home/nhut/Downloads/xu9zaAevzQ5nnrsXN6JcahLnG4i.avif,66
1782960865,,,/home/nhut/Downloads/《记忆管理局》False Memory ｜ Official Trailer (August 2 Premiere) [yfz2c9LE6ew].mkv,126
1782960868,,,/home/nhut/Downloads/Original independent animation “False Memory” by Studio Flint Sugar [WPabB9vv_ks].mkv,123
1782960877,,,/home/nhut/Downloads/《记忆管理局》正式pv⧸ False Memory PV [XzIfoPPwbU8].mkv,100
1782960967,,,/home/nhut/Downloads/《记忆管理局》False Memory ｜ Official Trailer (August 2 Premiere) [yfz2c9LE6ew].mkv,126
1782961074,,,/home/nhut/Downloads/《记忆管理局》正式pv⧸ False Memory PV [XzIfoPPwbU8].mkv,100
1782961187,49,《记忆管理局》概念PV /  False Memory  PV,https://www.youtube.com/watch?v=zi38xh7p528,107
1782962559,,,/home/nhut/Downloads/《记忆管理局》正式pv⧸ False Memory PV [XzIfoPPwbU8].mkv,100
1782962687,,,/home/nhut/Downloads/Original independent animation “False Memory” by Studio Flint Sugar [WPabB9vv_ks].mkv,123
1782962727,,,/home/nhut/Downloads/Original independent animation “False Memory” by Studio Flint Sugar [WPabB9vv_ks].mkv,123
1782984457,,,/home/nhut/Downloads/《记忆管理局》False Memory ｜ Official Trailer (August 2 Premiere) [yfz2c9LE6ew].mkv,126
1782984570,,,/home/nhut/Downloads/《记忆管理局》正式pv⧸ False Memory PV [XzIfoPPwbU8].mkv,100
1782995440,,,/home/nhut/Downloads/原创独立动画《记忆管理局》⧸False Memory [006F7EQDBAU].mkv,106
1782996789,,,/home/nhut/Downloads/《记忆管理局》False Memory ｜ Official Trailer (August 2 Premiere) [yfz2c9LE6ew].mkv,126
1782997258,,,/home/nhut/Downloads/《记忆管理局》正式pv⧸ False Memory PV [XzIfoPPwbU8].mkv,100
1782997368,,,/home/nhut/Downloads/原创独立动画《记忆管理局》⧸False Memory [006F7EQDBAU].mkv,106
1783004453,,,/home/nhut/Downloads/《记忆管理局》False Memory ｜ Official Trailer (August 2 Premiere) [yfz2c9LE6ew].mkv,126
1783004566,,,/home/nhut/Downloads/《记忆管理局》正式pv⧸ False Memory PV [XzIfoPPwbU8].mkv,100
1783004720,12,False Memory,https://www.youtube.com/watch?v=EWGlwtMQFZA&t=110s,77
1783052232,,,/home/nhut/Downloads/Original independent animation “False Memory” by Studio Flint Sugar [WPabB9vv_ks].mkv,123
1783053790,49,Trailer 02 - BanG Dream! YUME∞MITA [Việt sub],https://www.youtube.com/watch?v=TZIasIMkUMk,107
1783082381,89,【崩壊：スターレイル】 Ver.4.4PV 「汽笛は轟く、帰寂のさなかに」,https://www.youtube.com/watch?v=KHjnk4YH2vA,147
1783090754,,,/home/nhut/Downloads/《记忆管理局》False Memory ｜ Official Trailer (August 2 Premiere) [yfz2c9LE6ew].mkv,126
1783091131,,,/home/nhut/Downloads/《记忆管理局》正式pv⧸ False Memory PV [XzIfoPPwbU8].mkv,100
1783091220,,,/home/nhut/Downloads/《记忆管理局》False Memory ｜ Official Trailer (August 2 Premiere) [yfz2c9LE6ew].mkv,126
1783091506,,,/home/nhut/Downloads/原创动画《记忆管理局》正式PV [BV1kekbYhEpd].mkv,94
1783144352,,,http://localhost:8090/stream/Agents.of.the.Four.Seasons.Dance.of.Spring.S01E02.Lingering.Snow.1080p.CR.WEB-DL.DUAL.AAC2.0.H.264.MSubs-ToonsHub.mkv?link=462b9f9207f5ae18e41bf6d2d92be7a26d58dd02&index=1&play,218
1783144557,117,Agents.of.the.Four.Seasons.Dance.of.Spring.S01E02.Lingering.Snow.1080p.CR.WEB-DL.DUAL.AAC2.0.H.264.MSubs-ToonsHub.mkv,http://localhost:8090/stream/Agents%2Eof%2Ethe%2EFour%2ESeasons%2EDance%2Eof%2ESpring%2ES01E02%2ELingering%2ESnow%2E1080p%2ECR%2EWEB%2DDL%2EDUAL%2EAAC2%2E0%2EH%2E264%2EMSubs%2DToonsHub%2Emkv?play&index=1&link=https%3A%2F%2Fnyaa%2Eland%2Fdownload%2F2099782%2Etorrent,398
1783144680,109,Agents.of.the.Four.Seasons.Dance.of.Spring.S01E02.Lingering.Snow.1080p.CR.WEB-DL.MULTi.AAC2.0.H.264-VARYG.mkv,http://localhost:8090/stream/Agents%2Eof%2Ethe%2EFour%2ESeasons%2EDance%2Eof%2ESpring%2ES01E02%2ELingering%2ESnow%2E1080p%2ECR%2EWEB%2DDL%2EMULTi%2EAAC2%2E0%2EH%2E264%2DVARYG%2Emkv?play&index=1&link=https%3A%2F%2Fnyaa%2Eland%2Fdownload%2F2108029%2Etorrent,380
1783146542,104,Agents.of.the.Four.Seasons.Dance.of.Spring.S01E03.A.Glimpse.1080p.CR.WEB-DL.MULTi.AAC2.0.H.264-VARYG.mkv,http://localhost:8090/stream/Agents%2Eof%2Ethe%2EFour%2ESeasons%2EDance%2Eof%2ESpring%2ES01E03%2EA%2EGlimpse%2E1080p%2ECR%2EWEB%2DDL%2EMULTi%2EAAC2%2E0%2EH%2E264%2DVARYG%2Emkv?play&index=1&link=https%3A%2F%2Fnyaa%2Eland%2Fdownload%2F2110690%2Etorrent,370
1783146751,104,Agents.of.the.Four.Seasons.Dance.of.Spring.S01E03.A.Glimpse.1080p.CR.WEB-DL.MULTi.AAC2.0.H.264-VARYG.mkv,http://localhost:8090/stream/Agents%2Eof%2Ethe%2EFour%2ESeasons%2EDance%2Eof%2ESpring%2ES01E03%2EA%2EGlimpse%2E1080p%2ECR%2EWEB%2DDL%2EMULTi%2EAAC2%2E0%2EH%2E264%2DVARYG%2Emkv?play&index=1&link=https%3A%2F%2Fnyaa%2Eland%2Fdownload%2F2110690%2Etorrent,370
1783146990,104,Agents.of.the.Four.Seasons.Dance.of.Spring.S01E03.A.Glimpse.1080p.CR.WEB-DL.MULTi.AAC2.0.H.264-VARYG.mkv,http://localhost:8090/stream/Agents%2Eof%2Ethe%2EFour%2ESeasons%2EDance%2Eof%2ESpring%2ES01E03%2EA%2EGlimpse%2E1080p%2ECR%2EWEB%2DDL%2EMULTi%2EAAC2%2E0%2EH%2E264%2DVARYG%2Emkv?play&index=1&link=https%3A%2F%2Fnyaa%2Eland%2Fdownload%2F2110690%2Etorrent,370
1783147299,104,Agents.of.the.Four.Seasons.Dance.of.Spring.S01E03.A.Glimpse.1080p.CR.WEB-DL.MULTi.AAC2.0.H.264-VARYG.mkv,http://localhost:8090/stream/Agents%2Eof%2Ethe%2EFour%2ESeasons%2EDance%2Eof%2ESpring%2ES01E03%2EA%2EGlimpse%2E1080p%2ECR%2EWEB%2DDL%2EMULTi%2EAAC2%2E0%2EH%2E264%2DVARYG%2Emkv?play&index=1&link=https%3A%2F%2Fnyaa%2Eland%2Fdownload%2F2110690%2Etorrent,370
1783149804,,,http://localhost:8000/webtorrent/a0a4ecbb1786f85a084eca16e555bd7421373980/Agents.of.the.Four.Seasons.Dance.of.Spring.S01E03.A.Glimpse.1080p.CR.WEB-DL.DUAL.AAC2.0.H.264-VARYG.mkv,190
1783149903,,,/tmp/webtorrent/Agents.of.the.Four.Seasons.Dance.of.Spring.S01E03.A.Glimpse.1080p.CR.WEB-DL.DUAL.AAC2.0.H.264-VARYG.mkv,132
1783150153,,,http://localhost:8000/webtorrent/a0a4ecbb1786f85a084eca16e555bd7421373980/Agents.of.the.Four.Seasons.Dance.of.Spring.S01E03.A.Glimpse.1080p.CR.WEB-DL.DUAL.AAC2.0.H.264-VARYG.mkv,190
1783166555,42,33550337回目の別れ  #multiversevistas,https://www.youtube.com/watch?v=i_HF_0tEOlM,100
1783167928,,,/home/nhut/Downloads/原创动画《记忆管理局》正式PV [BV1kekbYhEpd].mkv,94
1783168034,,,/home/nhut/Downloads/《记忆管理局》False Memory ｜ Official Trailer (August 2 Premiere) [yfz2c9LE6ew].mkv,126
1783168303,,,/home/nhut/Downloads/Original independent animation “False Memory” by Studio Flint Sugar [WPabB9vv_ks].mkv,123
1783168452,,,/home/nhut/Downloads/False Memory [EWGlwtMQFZA].mkv,64
1783169028,,,/home/nhut/Downloads/Original independent animation “False Memory” by Studio Flint Sugar [WPabB9vv_ks].mkv,123
1783169626,,,/home/nhut/Downloads/Original independent animation “False Memory” by Studio Flint Sugar [WPabB9vv_ks].mkv,123
1783171173,,,/home/nhut/Videos/false mem remove sub.mp4,55
1783171596,,,/home/nhut/Downloads/《记忆管理局》正式pv⧸ False Memory PV [XzIfoPPwbU8].mkv,100
1783171601,,,/home/nhut/Downloads/《记忆管理局》False Memory ｜ Official Trailer (August 2 Premiere) [yfz2c9LE6ew].mkv,126
1783176577,,,/home/nhut/Videos/false mem remove sub.mp4,55
1783255089,,,/home/nhut/Downloads/《记忆管理局》False Memory ｜ Official Trailer (August 2 Premiere) [yfz2c9LE6ew].mkv,126
1783255211,,,/home/nhut/Downloads/《记忆管理局》正式pv⧸ False Memory PV [XzIfoPPwbU8].mkv,100
1783255370,,,/home/nhut/Downloads/《记忆管理局》False Memory ｜ Official Trailer (August 2 Premiere) [yfz2c9LE6ew].mkv,126
1783262499,,,/home/nhut/Downloads/《记忆管理局》False Memory ｜ Official Trailer (August 2 Premiere) [yfz2c9LE6ew].mkv,126
1783262605,,,/home/nhut/Downloads/《记忆管理局》正式pv⧸ False Memory PV [XzIfoPPwbU8].mkv,100
1783334489,,,https://rr2---sn-p5qddn7d.googlevideo.com/videoplayback?expire=1783356034&ei=IoZLasH7FLKokucPlrfh4Ac&ip=2a09%3Abac1%3A76c1%3A62b0%3A%3A19d%3A151&id=o-AMP16rktDsKwamDPPTU_KLBX0623rViBjv7fj7MN1bRA&itag=137&source=youtube&requiressl=yes&xpc=EgVo2aDSNQ%3D%3D&met=1783334434%2C&mh=8J&mm=31%2C29&mn=sn-p5qddn7d%2Csn-p5qlsn7l&ms=au%2Crdu&mv=m&mvi=2&pl=48&rms=au%2Cau&initcwndbps=5643750&bui=ARmQxEU1KUXDZuGx_rgtIck9Sl1_z8pH7BF0W7eUnMUIa8-BcNEmDGJnbZp3oAAcbJvLau8m7hfIRBuL&spc=SQ-ummrTwGRMByaP-lWeg3fOuHXhC1O2JSTA6PAuBUfk&vprv=1&svpuc=1&mime=video%2Fmp4&rqh=1&gir=yes&clen=40518002&dur=102.101&lmt=1781681563122099&mt=1783334026&fvip=3&keepalive=yes&fexp=51565115&c=ANDROID_VR&txp=4432534&sparams=expire%2Cei%2Cip%2Cid%2Citag%2Csource%2Crequiressl%2Cxpc%2Cbui%2Cspc%2Cvprv%2Csvpuc%2Cmime%2Crqh%2Cgir%2Cclen%2Cdur%2Clmt&sig=AHEqNM4wRQIgc1J2tSGpFaB87tRjFsiK0_VSHSfhq4FOT1im8u4tDVsCIQDBto1XdHFI3hOaxw6kfJFI2TZxedyblzWOyxCANA9PTw%3D%3D&lsparams=met%2Cmh%2Cmm%2Cmn%2Cms%2Cmv%2Cmvi%2Cpl%2Crms%2Cinitcwndbps&lsig=APaTxxMwRAIgBV5FMwO7jGSc5DZ-r7JeEODfEFGh8ZJpMPLlmL25Xa0CIGvklw-jHubwTe0VuG9lnGjrZCli0wTK5YRS8Y3bOEbu,1111
1783344293,,,/home/nhut/Downloads/《记忆管理局》False Memory ｜ Official Trailer (August 2 Premiere) [yfz2c9LE6ew].mkv,126
1783426412,,,http://localhost:8000/webtorrent/10b2a6571a147038549f908b96718b29b5cc387f/Obsession%20(2025)%20[1080p]%20[BluRay]%20[5.1]%20[YTS.GG%20-%20YTS.BZ]/Obsession.2025.1080p.BluRay.x264.AAC5.1-[YTS.GG%20-%20YTS.BZ].mp4,224
1783426975,,,/home/nhut/Movies/Series/Jujutsu Kaisen (2020)/Season 3/JUJUTSU.KAISEN.S03E10.Tokyo.No.1.Colony.Part.4.1080p.CR.WEB-DL.DUAL.AAC2.0.H.264-VARYG.mkv,159
1783427071,,,/home/nhut/Movies/Series/Jujutsu Kaisen (2020)/Season 3/JUJUTSU.KAISEN.S03E10.Tokyo.No.1.Colony.Part.4.1080p.CR.WEB-DL.DUAL.AAC2.0.H.264-VARYG.mkv,159
1783427158,,,/home/nhut/Movies/Series/Jujutsu Kaisen (2020)/Season 3/JUJUTSU.KAISEN.S03E10.Tokyo.No.1.Colony.Part.4.1080p.CR.WEB-DL.DUAL.AAC2.0.H.264-VARYG.mkv,159
1783427162,,,/home/nhut/Movies/Series/Jujutsu Kaisen (2020)/Season 3/JUJUTSU.KAISEN.S03E10.Tokyo.No.1.Colony.Part.4.1080p.CR.WEB-DL.DUAL.AAC2.0.H.264-VARYG.mkv,159
1783427171,,,/home/nhut/Movies/Series/Jujutsu Kaisen (2020)/Season 3/JUJUTSU.KAISEN.S03E10.Tokyo.No.1.Colony.Part.4.1080p.CR.WEB-DL.DUAL.AAC2.0.H.264-VARYG.mkv,159
1783427203,,,/home/nhut/Movies/Series/Jujutsu Kaisen (2020)/Season 3/JUJUTSU.KAISEN.S03E10.Tokyo.No.1.Colony.Part.4.1080p.CR.WEB-DL.DUAL.AAC2.0.H.264-VARYG.mkv,159
1783427232,,,/home/nhut/Movies/Series/Jujutsu Kaisen (2020)/Season 3/JUJUTSU.KAISEN.S03E10.Tokyo.No.1.Colony.Part.4.1080p.CR.WEB-DL.DUAL.AAC2.0.H.264-VARYG.mkv,159
1783427265,,,/home/nhut/Movies/Series/Jujutsu Kaisen (2020)/Season 3/JUJUTSU.KAISEN.S03E10.Tokyo.No.1.Colony.Part.4.1080p.CR.WEB-DL.DUAL.AAC2.0.H.264-VARYG.mkv,159
1783427293,,,/home/nhut/Movies/Series/Jujutsu Kaisen (2020)/Season 3/JUJUTSU.KAISEN.S03E10.Tokyo.No.1.Colony.Part.4.1080p.CR.WEB-DL.DUAL.AAC2.0.H.264-VARYG.mkv,159
1783516198,,,/home/nhut/Videos/false mem remove sub.mp4,55
1783517094,,,/home/nhut/Videos/false mem remove sub.mp4,55
1783517720,,,/home/nhut/Downloads/《记忆管理局》False Memory ｜ Official Trailer (August 2 Premiere) [yfz2c9LE6ew].mkv,126
1783517826,,,/home/nhut/Downloads/《记忆管理局》正式pv⧸ False Memory PV [XzIfoPPwbU8].mkv,100
1783519060,,,/home/nhut/Videos/false mem remove sub.mp4,55
1783521862,,,/home/nhut/Videos/false mem remove sub.mp4,55
1783521870,,,/home/nhut/Videos/false mem remove sub.mp4,55
1783522267,,,/home/nhut/Videos/false mem remove sub.mp4,55
1783522315,,,/home/nhut/Videos/false mem remove sub.mp4,55
1783522648,,,/home/nhut/Videos/false mem remove sub.mp4,55
1783523152,,,/home/nhut/Videos/false mem remove sub.mp4,55
1783523364,,,/home/nhut/Downloads/《记忆管理局》False Memory ｜ Official Trailer (August 2 Premiere) [yfz2c9LE6ew].mkv,126
1783568263,,,/home/nhut/Videos/false mem remove sub.mp4,55
1783570368,,,/home/nhut/Videos/false mem remove sub.mkv,55
1783570395,,,/home/nhut/Videos/false mem remove sub.mkv,55
1783571065,,,/home/nhut/Videos/false mem remove sub.mp4,55
1783573622,,,/home/nhut/Videos/false mem remove sub.mp4,55
1783575241,,,/home/nhut/Videos/false mem remove sub.mp4,55
1783576956,,,/home/nhut/Videos/false mem remove sub.mp4,55
1783578886,,,/home/nhut/Videos/false mem remove sub.mp4,55
1783587718,,,http://localhost:8000/webtorrent/10b2a6571a147038549f908b96718b29b5cc387f/Obsession%20(2025)%20[1080p]%20[BluRay]%20[5.1]%20[YTS.GG%20-%20YTS.BZ]/Obsession.2025.1080p.BluRay.x264.AAC5.1-[YTS.GG%20-%20YTS.BZ].mp4,224
1783605847,,,/home/nhut/Downloads/《记忆管理局》False Memory ｜ Official Trailer (August 2 Premiere) [yfz2c9LE6ew].mkv,126
1783605950,,,/home/nhut/Downloads/《记忆管理局》正式pv⧸ False Memory PV [XzIfoPPwbU8].mkv,100
1783606136,,,/home/nhut/Downloads/原创动画《记忆管理局》正式PV [BV1kekbYhEpd].mkv,94
1783606140,,,/home/nhut/Downloads/《记忆管理局》False Memory ｜ Official Trailer (August 2 Premiere) [yfz2c9LE6ew].mkv,126
1783606250,,,/home/nhut/Downloads/《记忆管理局》正式pv⧸ False Memory PV [XzIfoPPwbU8].mkv,100
1783851064,45,Obsession.2026.1080p.AMZN.WEB-DL[Ben The Men],http://localhost:8000/webtorrent/afa1047f19870e4a75a8603037fd0fb11bdfdce0/Obsession.2026.1080p.AMZN.WEB-DL.DDP5.1.H264.MP4-BEN.THE.MEN/Obsession.2026.1080p.AMZN.WEB-DL[Ben%20The%20Men].mp4,248
1783863000,41,Aishigure / Aqu3ra 짧게 불러보았다,/home/nhut/Music/soundcli/Spotify/my playlist/Aqu3ra - Aishigure.opus,125
1783863080,102,[ซับไทย] Starry Sea - Aqu3ra / Yachiyo Runami (Cr. Saori Hayami) | Cosmic Princess Kaguya!,/home/nhut/Music/soundcli/Spotify/my playlist/Aqu3ra, Yachiyo Runami(cv.Saori Hayami) - Starry Sea.opus,221
1783863351,102,[ซับไทย] Starry Sea - Aqu3ra / Yachiyo Runami (Cr. Saori Hayami) | Cosmic Princess Kaguya!,/home/nhut/Music/soundcli/Spotify/my playlist/Aqu3ra, Yachiyo Runami(cv.Saori Hayami) - Starry Sea.opus,221
1783863440,51,TÌM TÔI? - Khoi Vu x Thỏ (Official Lyric Video),/home/nhut/Music/soundcli/Spotify/my playlist/Khoi Vu, Thỏ - Tim Toi_.opus,142
1783863628,51,TÌM TÔI? - Khoi Vu x Thỏ (Official Lyric Video),/home/nhut/Music/soundcli/Spotify/my playlist/Khoi Vu, Thỏ - Tim Toi_.opus,142
1783863818,51,TÌM TÔI? - Khoi Vu x Thỏ (Official Lyric Video),/home/nhut/Music/soundcli/Spotify/my playlist/Khoi Vu, Thỏ - Tim Toi_.opus,142
1783863951,60,Orangestar  - Encounter feat. Hatsune Miku【ENGLISH SUBS】,/home/nhut/Music/soundcli/Spotify/my playlist/Orangestar, Hatsune Miku - Encounter (feat. 初音ミク).opus,183
1783864123,60,Orangestar  - Encounter feat. Hatsune Miku【ENGLISH SUBS】,/home/nhut/Music/soundcli/Spotify/my playlist/Orangestar, Hatsune Miku - Encounter (feat. 初音ミク).opus,183
1783864292,60,Orangestar  - Encounter feat. Hatsune Miku【ENGLISH SUBS】,/home/nhut/Music/soundcli/Spotify/my playlist/Orangestar, Hatsune Miku - Encounter (feat. 初音ミク).opus,183
1783864462,60,Orangestar  - Encounter feat. Hatsune Miku【ENGLISH SUBS】,/home/nhut/Music/soundcli/Spotify/my playlist/Orangestar, Hatsune Miku - Encounter (feat. 初音ミク).opus,183
1783864633,60,Orangestar  - Encounter feat. Hatsune Miku【ENGLISH SUBS】,/home/nhut/Music/soundcli/Spotify/my playlist/Orangestar, Hatsune Miku - Encounter (feat. 初音ミク).opus,183
1783865258,60,Orangestar  - Encounter feat. Hatsune Miku【ENGLISH SUBS】,/home/nhut/Music/soundcli/Spotify/my playlist/Orangestar, Hatsune Miku - Encounter (feat. 初音ミク).opus,183
1783865427,60,Orangestar  - Encounter feat. Hatsune Miku【ENGLISH SUBS】,/home/nhut/Music/soundcli/Spotify/my playlist/Orangestar, Hatsune Miku - Encounter (feat. 初音ミク).opus,183
1783865596,60,Orangestar  - Encounter feat. Hatsune Miku【ENGLISH SUBS】,/home/nhut/Music/soundcli/Spotify/my playlist/Orangestar, Hatsune Miku - Encounter (feat. 初音ミク).opus,183
1783865765,60,Orangestar  - Encounter feat. Hatsune Miku【ENGLISH SUBS】,/home/nhut/Music/soundcli/Spotify/my playlist/Orangestar, Hatsune Miku - Encounter (feat. 初音ミク).opus,183
1783865935,60,Orangestar  - Encounter feat. Hatsune Miku【ENGLISH SUBS】,/home/nhut/Music/soundcli/Spotify/my playlist/Orangestar, Hatsune Miku - Encounter (feat. 初音ミク).opus,183
1783866107,60,Orangestar  - Encounter feat. Hatsune Miku【ENGLISH SUBS】,/home/nhut/Music/soundcli/Spotify/my playlist/Orangestar, Hatsune Miku - Encounter (feat. 初音ミク).opus,183
1783866279,60,Orangestar  - Encounter feat. Hatsune Miku【ENGLISH SUBS】,/home/nhut/Music/soundcli/Spotify/my playlist/Orangestar, Hatsune Miku - Encounter (feat. 初音ミク).opus,183
1783866452,60,Orangestar  - Encounter feat. Hatsune Miku【ENGLISH SUBS】,/home/nhut/Music/soundcli/Spotify/my playlist/Orangestar, Hatsune Miku - Encounter (feat. 初音ミク).opus,183
1783866624,60,Orangestar  - Encounter feat. Hatsune Miku【ENGLISH SUBS】,/home/nhut/Music/soundcli/Spotify/my playlist/Orangestar, Hatsune Miku - Encounter (feat. 初音ミク).opus,183
1783866793,60,Orangestar  - Encounter feat. Hatsune Miku【ENGLISH SUBS】,/home/nhut/Music/soundcli/Spotify/my playlist/Orangestar, Hatsune Miku - Encounter (feat. 初音ミク).opus,183
1783866964,60,Orangestar  - Encounter feat. Hatsune Miku【ENGLISH SUBS】,/home/nhut/Music/soundcli/Spotify/my playlist/Orangestar, Hatsune Miku - Encounter (feat. 初音ミク).opus,183
1783867136,60,Orangestar  - Encounter feat. Hatsune Miku【ENGLISH SUBS】,/home/nhut/Music/soundcli/Spotify/my playlist/Orangestar, Hatsune Miku - Encounter (feat. 初音ミク).opus,183
1783867305,60,Orangestar  - Encounter feat. Hatsune Miku【ENGLISH SUBS】,/home/nhut/Music/soundcli/Spotify/my playlist/Orangestar, Hatsune Miku - Encounter (feat. 初音ミク).opus,183
1783867328,43,好きだから。/ 『ユイカ』【MV】,/home/nhut/Music/soundcli/Spotify/my playlist/Yuika - 好きだから。.opus,135
1783867626,43,好きだから。/ 『ユイカ』【MV】,/home/nhut/Music/soundcli/Spotify/my playlist/Yuika - 好きだから。.opus,135
1783867925,43,好きだから。/ 『ユイカ』【MV】,/home/nhut/Music/soundcli/Spotify/my playlist/Yuika - 好きだから。.opus,135
1783868216,81,ロンリーユニバース / Aqu3ra feat.flower & 初音ミク - Lonely Universe,/home/nhut/Music/soundcli/Spotify/my playlist/Aqu3ra - Lonely Universe.opus,171
1783868440,81,ロンリーユニバース / Aqu3ra feat.flower & 初音ミク - Lonely Universe,/home/nhut/Music/soundcli/Spotify/my playlist/Aqu3ra - Lonely Universe.opus,171
1783868665,81,ロンリーユニバース / Aqu3ra feat.flower & 初音ミク - Lonely Universe,/home/nhut/Music/soundcli/Spotify/my playlist/Aqu3ra - Lonely Universe.opus,171
1783868889,81,ロンリーユニバース / Aqu3ra feat.flower & 初音ミク - Lonely Universe,/home/nhut/Music/soundcli/Spotify/my playlist/Aqu3ra - Lonely Universe.opus,171
1783869112,81,ロンリーユニバース / Aqu3ra feat.flower & 初音ミク - Lonely Universe,/home/nhut/Music/soundcli/Spotify/my playlist/Aqu3ra - Lonely Universe.opus,171
1783869337,81,ロンリーユニバース / Aqu3ra feat.flower & 初音ミク - Lonely Universe,/home/nhut/Music/soundcli/Spotify/my playlist/Aqu3ra - Lonely Universe.opus,171
1783869534,60,Orangestar  - Encounter feat. Hatsune Miku【ENGLISH SUBS】,/home/nhut/Music/soundcli/Spotify/my playlist/Orangestar, Hatsune Miku - Encounter (feat. 初音ミク).opus,183
1783869704,60,Orangestar  - Encounter feat. Hatsune Miku【ENGLISH SUBS】,/home/nhut/Music/soundcli/Spotify/my playlist/Orangestar, Hatsune Miku - Encounter (feat. 初音ミク).opus,183
1783906663,,,/home/nhut/Videos/《记忆管理局》False Memory ｜ Official Trailer (August 2 Premiere) [yfz2c9LE6ew].mkv,123
1783906676,,,/home/nhut/Videos/《记忆管理局》False Memory ｜ Official Trailer (August 2 Premiere) [yfz2c9LE6ew].mkv,123
1783906756,,,/home/nhut/Videos/《记忆管理局》False Memory ｜ Official Trailer (August 2 Premiere) [yfz2c9LE6ew].mkv,123
1783906879,,,/home/nhut/Videos/《记忆管理局》正式pv⧸ False Memory PV [XzIfoPPwbU8].mkv,97
1783907462,,,/home/nhut/Videos/《记忆管理局》正式pv⧸ False Memory PV [XzIfoPPwbU8].mkv,97
1783909107,,,/home/nhut/Videos/《记忆管理局》False Memory ｜ Official Trailer (August 2 Premiere) [yfz2c9LE6ew].mkv,123
1783910170,,,/home/nhut/Videos/《记忆管理局》False Memory ｜ Official Trailer (August 2 Premiere) [yfz2c9LE6ew].mkv,123
1783910288,,,/home/nhut/Videos/《记忆管理局》False Memory ｜ Official Trailer (August 2 Premiere) [yfz2c9LE6ew].mkv,123
1783910445,,,/home/nhut/Videos/《记忆管理局》False Memory ｜ Official Trailer (August 2 Premiere) [yfz2c9LE6ew].mkv,123
1783910559,,,/home/nhut/Videos/《记忆管理局》False Memory ｜ Official Trailer (August 2 Premiere) [yfz2c9LE6ew].mkv,123
1783910594,,,/home/nhut/Videos/《记忆管理局》False Memory ｜ Official Trailer (August 2 Premiere) [yfz2c9LE6ew].mkv,123
1783910619,,,/home/nhut/Videos/《记忆管理局》False Memory ｜ Official Trailer (August 2 Premiere) [yfz2c9LE6ew].mkv,123
1783910726,,,/home/nhut/Videos/《记忆管理局》False Memory ｜ Official Trailer (August 2 Premiere) [yfz2c9LE6ew].mkv,123
1783910796,,,/home/nhut/Videos/《记忆管理局》False Memory ｜ Official Trailer (August 2 Premiere) [yfz2c9LE6ew].mkv,123
1783910893,,,/home/nhut/Videos/《记忆管理局》False Memory ｜ Official Trailer (August 2 Premiere) [yfz2c9LE6ew].mkv,123
1783911005,,,/home/nhut/Videos/《记忆管理局》False Memory ｜ Official Trailer (August 2 Premiere) [yfz2c9LE6ew].mkv,123
1783911007,,,/home/nhut/Videos/《记忆管理局》正式pv⧸ False Memory PV [XzIfoPPwbU8].mkv,97
1783911146,,,/home/nhut/Videos/《记忆管理局》正式pv⧸ False Memory PV [XzIfoPPwbU8].mkv,97
1783911274,,,/home/nhut/Videos/《记忆管理局》正式pv⧸ False Memory PV [XzIfoPPwbU8].mkv,97
1783911316,,,/home/nhut/Videos/《记忆管理局》正式pv⧸ False Memory PV [XzIfoPPwbU8].mkv,97
1783911422,,,/home/nhut/Videos/《记忆管理局》正式pv⧸ False Memory PV [XzIfoPPwbU8].mkv,97
1783911588,,,/home/nhut/Videos/《记忆管理局》正式pv⧸ False Memory PV [XzIfoPPwbU8].mkv,97
1783911706,,,/home/nhut/Videos/《记忆管理局》正式pv⧸ False Memory PV [XzIfoPPwbU8].mkv,97
1783911757,,,/home/nhut/Videos/《记忆管理局》正式pv⧸ False Memory PV [XzIfoPPwbU8].mkv,97
1783911803,,,/home/nhut/Videos/《记忆管理局》正式pv⧸ False Memory PV [XzIfoPPwbU8].mkv,97
1783912196,,,/home/nhut/Videos/《记忆管理局》正式pv⧸ False Memory PV [XzIfoPPwbU8].mkv,97
1783912268,,,/home/nhut/Videos/《记忆管理局》正式pv⧸ False Memory PV [XzIfoPPwbU8].mkv,97
1783912312,,,/home/nhut/Videos/《记忆管理局》False Memory ｜ Official Trailer (August 2 Premiere) [yfz2c9LE6ew].mkv,123
1783913450,65,ロクデナシ「ただ声一つ」/ Rokudenashi - One Voice(MV),/home/nhut/Music/soundcli/Spotify/chilly japanese/Rokudenashi - ただ声一つ.opus,164
1783913474,65,ロクデナシ「ただ声一つ」/ Rokudenashi - One Voice(MV),/home/nhut/Music/soundcli/Spotify/chilly japanese/Rokudenashi - ただ声一つ.opus,164
1783913480,47,ヨルシカ - ただ君に晴れ (MUSIC VIDEO),/home/nhut/Music/soundcli/Spotify/chilly japanese/Yorushika - ただ君に晴れ.opus,147
1783913490,81,ロンリーユニバース / Aqu3ra feat.flower & 初音ミク - Lonely Universe,/home/nhut/Music/soundcli/Spotify/my playlist/Aqu3ra - Lonely Universe.opus,171
1783913500,,,/home/nhut/Videos/《记忆管理局》False Memory ｜ Official Trailer (August 2 Premiere) [yfz2c9LE6ew].mkv,123
1783913553,81,ロンリーユニバース / Aqu3ra feat.flower & 初音ミク - Lonely Universe,/home/nhut/Music/soundcli/Spotify/my playlist/Aqu3ra - Lonely Universe.opus,171
1783913563,65,ロクデナシ「ただ声一つ」/ Rokudenashi - One Voice(MV),/home/nhut/Music/soundcli/Spotify/chilly japanese/Rokudenashi - ただ声一つ.opus,164
1783913573,47,ヨルシカ - ただ君に晴れ (MUSIC VIDEO),/home/nhut/Music/soundcli/Spotify/chilly japanese/Yorushika - ただ君に晴れ.opus,147
1783913606,60,Orangestar  - Encounter feat. Hatsune Miku【ENGLISH SUBS】,/home/nhut/Music/soundcli/Spotify/my playlist/Orangestar, Hatsune Miku - Encounter (feat. 初音ミク).opus,183
1783913659,60,Orangestar  - Encounter feat. Hatsune Miku【ENGLISH SUBS】,/home/nhut/Music/soundcli/Spotify/my playlist/Orangestar, Hatsune Miku - Encounter (feat. 初音ミク).opus,183
1783914472,45,仮面ライダーゼロワン＆ゼロツー,/home/nhut/Music/soundcli/Spotify/my playlist/Go Sakabe - 仮面ライダーゼロワン&ゼロツー.opus,166
1783914786,68,Twenty One Pilots - The Line (from Arcane Season 2) [Official Audio],/home/nhut/Music/soundcli/Spotify/my playlist/Arcane, Twenty One Pilots - The Line (from the series Arcane League of Legends).opus,213
1783917159,60,Orangestar  - Encounter feat. Hatsune Miku【ENGLISH SUBS】,/home/nhut/Music/soundcli/Spotify/my playlist/Orangestar, Hatsune Miku - Encounter (feat. 初音ミク).opus,183
1783919068,18,'Crisis' | Night//,/home/nhut/Music/soundcli/Spotify/breakkcoree/Night__ - Crisis.opus,100
1783919475,63,hkmori - anybody can find love (except you.) [Glitch Cat Remix],/home/nhut/Music/soundcli/Spotify/breakkcoree/hkmori, Glitch Cat - anybody can find love (except you.) [Glitch Cat Remix].opus,204
1783919665,18,HORIZON CHARTREUSE,/home/nhut/Music/soundcli/Spotify/breakkcoree/AZALI - HORIZON CHARTREUSE.opus,110
1783919771,5,Tetra,/home/nhut/Music/soundcli/Spotify/breakkcoree/lianhua - Tetra.opus,85
1783919903,27,The Weight of Falling Skies,/home/nhut/Music/soundcli/Spotify/breakkcoree/FINALSORRY, amidex - The Weight of Falling Skies.opus,141
1783920139,36,May the Bridges I Burn Light the Way,/home/nhut/Music/soundcli/Spotify/breakkcoree/Griz - May the Bridges I Burn Light the Way.opus,145
1783920391,15,Don't forget me,/home/nhut/Music/soundcli/Spotify/breakkcoree/Heavenly Snow - Don't forget me.opus,112
1783920566,13,Star's Melody,/home/nhut/Music/soundcli/Spotify/breakkcoree/DIGITAL DESCENDANT, aerokii - Star's Melody.opus,122
1783920858,6,Neguse,/home/nhut/Music/soundcli/Spotify/breakkcoree/Guryona - Neguse.opus,87
1783921001,36,boksed - look! a turtle.. nevermind.,/home/nhut/Music/soundcli/Spotify/breakkcoree/boksed - look! a turtle.. nevermind..opus,138
1783921162,24,Mai is outside - kuudere,/home/nhut/Music/soundcli/Spotify/breakkcoree/Mai is outside - kuudere.opus,114
1783921284,8,whenever,/home/nhut/Music/soundcli/Spotify/breakkcoree/kiyosumi - whenever.opus,92
1783922680,63,hkmori - anybody can find love (except you.) [Glitch Cat Remix],/home/nhut/Music/soundcli/Spotify/breakkcoree/hkmori, Glitch Cat - anybody can find love (except you.) [Glitch Cat Remix].opus,204
1783922880,18,HORIZON CHARTREUSE,/home/nhut/Music/soundcli/Spotify/breakkcoree/AZALI - HORIZON CHARTREUSE.opus,110
1783922986,5,Tetra,/home/nhut/Music/soundcli/Spotify/breakkcoree/lianhua - Tetra.opus,85
1783923118,27,The Weight of Falling Skies,/home/nhut/Music/soundcli/Spotify/breakkcoree/FINALSORRY, amidex - The Weight of Falling Skies.opus,141
1783923354,36,May the Bridges I Burn Light the Way,/home/nhut/Music/soundcli/Spotify/breakkcoree/Griz - May the Bridges I Burn Light the Way.opus,145
1783923605,15,Don't forget me,/home/nhut/Music/soundcli/Spotify/breakkcoree/Heavenly Snow - Don't forget me.opus,112
1783923781,13,Star's Melody,/home/nhut/Music/soundcli/Spotify/breakkcoree/DIGITAL DESCENDANT, aerokii - Star's Melody.opus,122
1783924075,6,Neguse,/home/nhut/Music/soundcli/Spotify/breakkcoree/Guryona - Neguse.opus,87
1783927096,6,Neguse,/home/nhut/Music/soundcli/Spotify/breakkcoree/Guryona - Neguse.opus,87
1783927106,8,blooming,/home/nhut/Music/soundcli/Spotify/breakkcoree/snafu - blooming.opus,89
1783927368,8,blooming,/home/nhut/Music/soundcli/Spotify/breakkcoree/snafu - blooming.opus,89
1783927631,8,blooming,/home/nhut/Music/soundcli/Spotify/breakkcoree/snafu - blooming.opus,89
1783928008,,,http://localhost:8000/webtorrent/fed1fc58446d87ed92d9ef0a792aeb74dca7657a/I.Want.to.Love.You.Till.Your.Dying.Day.S01E01.1080p.CR.WEB-DL.AAC2.0.H.264-VARYG.mkv,171
1783953261,10,Sintel.mp4,http://localhost:8090/stream/Sintel.mp4?link=08ada5a7a6183aae1e09d831df6748d566095a10&index=6&play,123
1783953503,82,Mushoku.Tensei.Jobless.Reincarnation.S03E03.1080p.NF.WEB-DL.AAC2.0.H.264-VARYG.mkv,http://localhost:8090/stream/Mushoku.Tensei.Jobless.Reincarnation.S03E03.1080p.NF.WEB-DL.AAC2.0.H.264-VARYG.mkv?link=7f828fcbce240e7c4e15afa594c16211da5ff5fe&index=1&play,267
1783999182,82,Mushoku.Tensei.Jobless.Reincarnation.S03E03.1080p.NF.WEB-DL.AAC2.0.H.264-VARYG.mkv,http://localhost:8090/stream/Mushoku.Tensei.Jobless.Reincarnation.S03E03.1080p.NF.WEB-DL.AAC2.0.H.264-VARYG.mkv?link=7f828fcbce240e7c4e15afa594c16211da5ff5fe&index=1&play,267
1784013419,46,《记忆管理局》正式pv/ False Memory PV,https://www.youtube.com/watch?v=XzIfoPPwbU8,104
1784016678,8,blooming,/home/nhut/Music/soundcli/Spotify/breakkcoree/snafu - blooming.opus,89
1784016684,8,blooming,/home/nhut/Music/soundcli/Spotify/breakkcoree/snafu - blooming.opus,89
1784031151,72,《记忆管理局》False Memory | Official Trailer (August 2 Premiere),https://www.youtube.com/watch?v=yfz2c9LE6ew,130
1784093516,72,《记忆管理局》False Memory | Official Trailer (August 2 Premiere),https://www.youtube.com/watch?v=yfz2c9LE6ew,130
1784093781,72,《记忆管理局》False Memory | Official Trailer (August 2 Premiere),https://www.youtube.com/watch?v=yfz2c9LE6ew,130
1784093834,72,《记忆管理局》False Memory | Official Trailer (August 2 Premiere),https://www.youtube.com/watch?v=yfz2c9LE6ew,130
1784094960,32,Girls Band Cry - 01 - Tokyo Hype,https://video-downloads.googleusercontent.com/ADGPM2kFcy1UONWxYvUeFeORJPjzuKWjKF6OUMsGfcuCsfnXJjof6LW2YBTWRZXepm6gYNj36_Goz6N-NzYSEV-BQrbiv8lU7EFvjisEIqa28fouXGusShJCvDudgKhMgrccdGf1CMjjSt-_0pCXQRDxQvpupKPnTcaBip8j6sbJmpNQn-3zXLmiySEx2I86dUejAY303sd0r6ByTvrvjyyvh6lXt8RGhYZ5B0qBCkHxzVXcLPyyFro,340
1784095487,,,https://video-downloads.googleusercontent.com/ADGPM2lG3jlFrGRdhDu3V5pToat3rUsWW3Kuyi6yPXln3TOexK2P1ZfEV7UyJEe0MV-sYpZUSESppBzEcBm4QnBD4eS92lbcs22hdfbBcgW47Y9JRz8k9264osRRfblHS1S0mRlwV9pvxsXgTQppkjbpZ15zoRB7oXWgEoP7KyuM4LOfg98Svw1YtjF7pLZEVLRPF-UBPuxA_NIPlMNXQ8Lr0BaXC91gediS0j4RtKvJem9t9YwN9vg,306
1784128160,,,/home/nhut/2026-07-15 22-08-58.mp4,47
1784165832,,,/home/nhut/qylock/themes/enfield/bg.mp4,52
1784165843,,,/home/nhut/qylock/themes/pixel-coffee/bg.mp4,57
1784165850,,,/home/nhut/qylock/themes/pixel-sakura/bg.mp4,57
1784165858,,,/home/nhut/qylock/themes/R1999_2/bg.mp4,52
1784165872,,,/home/nhut/qylock/themes/forest/bg.mp4,51
1784166375,,,/home/nhut/qylock/themes/pixel-cyberpunk/bg.mp4,60
1784166421,,,/home/nhut/qylock/themes/pixel-rainyroom/bg.mp4,60
1784166587,,,/home/nhut/Downloads/ayanami-rei-neon-genesis-evangelion-moewalls-com.mp4,86
1784175813,51,SON TUNG M-TP | MAKING MY WAY | OFFICIAL VISUALIZER,https://www.youtube.com/watch?v=niPkap1ozUA,109
1784175863,67,SON TUNG M-TP | COME MY WAY (softer version) | OFFICIAL MUSIC VIDEO,https://www.youtube.com/watch?v=yuuWdm5tBD0,125
1784175901,67,SON TUNG M-TP | COME MY WAY (softer version) | OFFICIAL MUSIC VIDEO,https://www.youtube.com/watch?v=yuuWdm5tBD0,125
1784175919,52,Hngle - Tìm em ft. Bảo Anh | Official Music Video,https://www.youtube.com/watch?v=gJAbDSse5WM,110
1784204309,72,《记忆管理局》False Memory | Official Trailer (August 2 Premiere),https://www.youtube.com/watch?v=yfz2c9LE6ew,130
1784204590,46,《记忆管理局》正式pv/ False Memory PV,https://www.youtube.com/watch?v=XzIfoPPwbU8,104
1784205541,,,/home/nhut/Videos/《记忆管理局》False Memory ｜ Official Trailer (August 2 Premiere) [yfz2c9LE6ew].mkv,123
1784205594,,,/home/nhut/Videos/《记忆管理局》概念PV ⧸  False Memory  PV [zi38xh7p528].mkv,100
1784205633,,,/home/nhut/《记忆管理局》概念PV ⧸  False Memory  PV [zi38xh7p528].mkv,93
1784205677,,,/home/nhut/《记忆管理局》概念PV ⧸  False Memory  PV [zi38xh7p528].mkv,93
1784205771,,,/home/nhut/Videos/《记忆管理局》False Memory ｜ Official Trailer (August 2 Premiere) [yfz2c9LE6ew].mkv,123
1784206238,,,https://video-downloads.googleusercontent.com/ADGPM2mrN9Qf-zBBUN1wY9lrNf7BLX7ETXqi4PdYdaNEEc6tyPSk1wxZXEEKa46gSkHlUjXBoZ6JegLS86WbMofyh0_jD0DoghvMef-MgJWObea7OvgDWfxLdub1Z7VJ6lHhdpHc05JIzPm1OBRD5t7BvJ-Iw2hhiaV_VQEy-rI6Ez_XiL_y-7phnbJPyjTH0Pzssc_FIxW3NNQxdxQgGneIfi1YBPSvkaUQIxzd284poFmTt0lsBrA,306
1784269948,,,/home/nhut/Videos/《记忆管理局》正式pv⧸ False Memory PV [XzIfoPPwbU8].mkv,97
1784270124,,,/home/nhut/Videos/《记忆管理局》False Memory ｜ Official Trailer (August 2 Premiere) [yfz2c9LE6ew].mkv,123
1784291156,118,TVアニメ「８６―エイティシックス―」第2クールオープニング映像／amazarashi「境界線」,https://www.youtube.com/watch?v=7YnI1h8HNZo,177
1784292717,,,/home/nhut/Videos/《记忆管理局》False Memory ｜ Official Trailer (August 2 Premiere) [yfz2c9LE6ew].mkv,123
1784292859,,,/home/nhut/Videos/《记忆管理局》概念PV ⧸  False Memory  PV [zi38xh7p528].mkv,100
1784292862,,,/home/nhut/Videos/《记忆管理局》正式pv⧸ False Memory PV [XzIfoPPwbU8].mkv,97
1784293025,,,/home/nhut/Videos/《记忆管理局》概念PV ⧸  False Memory  PV [zi38xh7p528].mkv,100
1784299893,,,/home/nhut/Videos/《记忆管理局》概念PV ⧸  False Memory  PV [zi38xh7p528].mkv,100
1784299896,,,/home/nhut/Videos/《记忆管理局》False Memory ｜ Official Trailer (August 2 Premiere) [yfz2c9LE6ew].mkv,123
1784300128,,,/home/nhut/Videos/《记忆管理局》False Memory ｜ Official Trailer (August 2 Premiere) [yfz2c9LE6ew].mkv,123
1784300130,,,/home/nhut/Videos/《记忆管理局》概念PV ⧸  False Memory  PV [zi38xh7p528].mkv,100
1784300134,,,/home/nhut/Videos/《记忆管理局》False Memory ｜ Official Trailer (August 2 Premiere) [yfz2c9LE6ew].mkv,123
1784300772,,,/home/nhut/Downloads/lv_0_20260219145304.mp4,57
1784300805,,,/home/nhut/Downloads/lv_0_20230901121614.mp4,57
1784300825,,,/home/nhut/Downloads/niyaniya-smoking-blue-archive-moewalls-com.mp4,80
1784365953,,,/home/nhut/Videos/《记忆管理局》概念PV ⧸  False Memory  PV [zi38xh7p528].mkv,100
1784368937,,,/home/nhut/Videos/《记忆管理局》正式pv⧸ False Memory PV [XzIfoPPwbU8].mkv,97
1784369030,,,/home/nhut/Videos/《记忆管理局》False Memory ｜ Official Trailer (August 2 Premiere) [yfz2c9LE6ew].mkv,123
1784369134,,,/home/nhut/Videos/《记忆管理局》概念PV ⧸  False Memory  PV [zi38xh7p528].mkv,100
1784378458,,,/home/nhut/Videos/《记忆管理局》False Memory ｜ Official Trailer (August 2 Premiere) [yfz2c9LE6ew].mkv,123
1784378612,,,/home/nhut/Videos/《记忆管理局》概念PV ⧸  False Memory  PV [zi38xh7p528].mkv,100
1784379594,,,/home/nhut/Videos/《记忆管理局》False Memory ｜ Official Trailer (August 2 Premiere) [yfz2c9LE6ew].mkv,123
1784379704,,,/home/nhut/Videos/《记忆管理局》概念PV ⧸  False Memory  PV [zi38xh7p528].mkv,100
1784379793,,,/home/nhut/Videos/《记忆管理局》正式pv⧸ False Memory PV [XzIfoPPwbU8].mkv,97
1784379896,,,/home/nhut/Videos/《记忆管理局》False Memory ｜ Official Trailer (August 2 Premiere) [yfz2c9LE6ew].mkv,123
1784380006,,,/home/nhut/Videos/《记忆管理局》概念PV ⧸  False Memory  PV [zi38xh7p528].mkv,100
1784380095,,,/home/nhut/Videos/《记忆管理局》正式pv⧸ False Memory PV [XzIfoPPwbU8].mkv,97
1784382379,74,[bonkai77].Ghost.in.the.Shell.(1995).[BD.1080p.Dual.Audio.x265.HEVC.10bit],https://video-downloads.googleusercontent.com/ADGPM2lNd-3u5p4j_HxEXu27H5--aC7qb5zpcJLgXuQQnTpewxZkxLgLceKO7nrsh2IqCYPxKO9cmbUueA_wYeYIC6Pmi5a8iUBnzpkKckEASHVopnTO2AvDUp8Cu6FjFqDULOnBf8rh420fqCxsXfxreUJsCMlKcJrgStHbS1b7dy2PcF6RtWXYdvLrpKPXmQlj_P3nZIspRRq3LcAZYfLPpSpICi3RcFHxch8-_xaIpak8rfIiFSA,382
1784420674,,,/home/nhut/Downloads/ayanami-rei-neon-genesis-evangelion-moewalls-com.mp4,86
1784420683,,,/home/nhut/Downloads/white-gundam-moewalls-com.mp4,63
1784420688,,,/home/nhut/Downloads/bg.mp4,40
1784420694,,,/home/nhut/Downloads/niyaniya-smoking-blue-archive-moewalls-com.mp4,80
1784420696,,,/home/nhut/Downloads/square-crop.jpg,49
1784420697,,,/home/nhut/Downloads/stills-from-the-false-memory-series-pv-unwatermarked-ver-v0-vfd81411iu181.avif,112
1784423474,35,Serial Experiments Lain: 01 - Weird,https://video-downloads.googleusercontent.com/ADGPM2nmP6bOC0uFJBazjgTpTdKIo0d7BhIcPjy7-IaPv2_r-L5cno54Bivf7wN8lIXHG7aqrk5Dn_8fXaof4V8IOydvV_uI2emgBOIv-ZQyEBC-5_ejDkT9DN-6Rz83PIFOmSJBoiwJDcfYwvtHNgyT9KhpKki2ED91l6b7QuWGgmEM1mwXhyzZsIEB2ckQ3fdd3uU1EoLP70fAJHm4YsJUyAlF3coMehFe1kntEymkwxfgv17WJpE,343
1784429840,,,/home/nhut/Videos/《记忆管理局》False Memory ｜ Official Trailer (August 2 Premiere) [yfz2c9LE6ew].mkv,123
1784429947,,,/home/nhut/Videos/《记忆管理局》概念PV ⧸  False Memory  PV [zi38xh7p528].mkv,100
1784431540,,,/home/nhut/Videos/FalseMemory.mkv,46
1784431591,,,/home/nhut/Videos/falememtrailerinput.mkv,54
1784431952,,,/home/nhut/Videos/falememtrailerinput.mkv,54
1784462108,,,/home/nhut/Videos/Backrooms (2026) [1080p] [WEBRip] [5.1] [YTS.GG - YTS.BZ]/Backrooms.2026.1080p.WEBRip.x264.AAC5.1-[YTS.GG - YTS.BZ].mp4,150
1784462231,,,/home/nhut/Videos/Backrooms (2026) [1080p] [WEBRip] [5.1] [YTS.GG - YTS.BZ]/Backrooms.2026.1080p.WEBRip.x264.AAC5.1-[YTS.GG - YTS.BZ].mp4,150
1784463596,,,/home/nhut/Videos/Backrooms (2026) [1080p] [WEBRip] [5.1] [YTS.GG - YTS.BZ]/Backrooms.2026.1080p.WEBRip.x264.AAC5.1-[YTS.GG - YTS.BZ].mp4,150
1784463814,,,/home/nhut/Videos/falememtrailerinput.mkv,54
1784463925,,,/home/nhut/Videos/falememtrailerinput.mkv,54
1784469578,,,/home/nhut/Videos/fmtrailer.mkv,44
1784469656,,,/home/nhut/Videos/falememtrailerinput.mkv,54
1784469758,,,/home/nhut/Videos/fmtrailer.mkv,44
1784469926,,,/home/nhut/Videos/《记忆管理局》概念PV ⧸  False Memory  PV [zi38xh7p528].mkv,100
1784471493,,,/home/nhut/Videos/《记忆管理局》正式pv⧸ False Memory PV [XzIfoPPwbU8].mkv,97
1784508368,,,/home/nhut/Videos/Backrooms (2026) [1080p] [WEBRip] [5.1] [YTS.GG - YTS.BZ]/Backrooms.2026.1080p.WEBRip.x264.AAC5.1-[YTS.GG - YTS.BZ].mp4,150
1784524583,,,/home/nhut/Videos/《记忆管理局》正式pv⧸ False Memory PV [XzIfoPPwbU8].mkv,97
1784524821,,,/home/nhut/Videos/《记忆管理局》正式pv⧸ False Memory PV [XzIfoPPwbU8].mkv,97
1784524941,,,/home/nhut/Videos/《记忆管理局》正式pv⧸ False Memory PV [XzIfoPPwbU8].mkv,97
1784525082,,,/home/nhut/Videos/《记忆管理局》正式pv⧸ False Memory PV [XzIfoPPwbU8].mkv,97
1784525092,,,/home/nhut/Videos/《记忆管理局》正式pv⧸ False Memory PV [XzIfoPPwbU8].mkv,97
1784525158,,,/home/nhut/Videos/《记忆管理局》正式pv⧸ False Memory PV [XzIfoPPwbU8].mkv,97
1784525240,,,/home/nhut/Videos/《记忆管理局》正式pv⧸ False Memory PV [XzIfoPPwbU8].mkv,97
1784525416,,,/home/nhut/Videos/falememPV.mkv,44
1786113410,,,/home/nhut/Videos/Recordings/recording_20260807_213612.mp4,71
1786178542,16,False Memory Ep2,/home/nhut/Downloads/False Memory Ep2.mkv,72
1786190473,,,/home/nhut/Downloads/[UmaJobber] Uma Musume Pretty Derby - Begining of a New Era.mkv,97
1786191232,,,/home/nhut/Downloads/uma.mp4,41
1786191790,16,False Memory Ep2,/home/nhut/Downloads/False Memory Ep2.mkv,72
1786192072,,,/home/nhut/Downloads/[UmaJobber] Uma Musume Pretty Derby - Begining of a New Era.mkv,97
1786192283,16,False Memory Ep2,/home/nhut/Downloads/False Memory Ep2.mkv,72
1786192395,,,/home/nhut/Downloads/[UmaJobber] Uma Musume Pretty Derby - Begining of a New Era.mkv,97
1786233976,,,http://localhost:8000/webtorrent/6b5d0bfdc2c882200161190281d92c7ecd08b277/[Gecko]%20False%20Memory%20-%20S01E03%20[BILI.WEB-DL%201080P%20HEVC,%20AAC,%20D-SUB][0F665D26].mkv,185
1786234920,,,/home/nhut/Downloads/[Gecko] False Memory - S01E03 [BILI.WEB-DL 1080P HEVC, AAC, D-SUB][0F665D26].mkv,114
1786247262,,,/home/nhut/Downloads/[Gecko] False Memory - S01E03 [BILI.WEB-DL 1080P HEVC, AAC, D-SUB][0F665D26].mkv,114
1786247293,,,/home/nhut/Downloads/[Gecko] False Memory - S01E03 [BILI.WEB-DL 1080P HEVC, AAC, D-SUB][0F665D26].mkv,114
1786247417,,,/home/nhut/Downloads/[Gecko] False Memory - S01E03 [BILI.WEB-DL 1080P HEVC, AAC, D-SUB][0F665D26].mkv,114
1786247457,,,/home/nhut/Downloads/[Gecko] False Memory - S01E03 [BILI.WEB-DL 1080P HEVC, AAC, D-SUB][0F665D26].mkv,114
1786247505,,,/home/nhut/Downloads/[Gecko] False Memory - S01E03 [BILI.WEB-DL 1080P HEVC, AAC, D-SUB][0F665D26].mkv,114
1786247538,,,/home/nhut/Downloads/[Gecko] False Memory - S01E03 [BILI.WEB-DL 1080P HEVC, AAC, D-SUB][0F665D26].mkv,114
1786249020,,,http://localhost:8000/webtorrent/ab8c31ac1c2dc1c887f8f5d90ef3ccdbe6911414/False.Memory.S01E04.1080p.BSITE.WEB-DL.ZHO.AAC2.0.H.264.MSubs-ToonsHub.mkv,161
1786250660,,,/home/nhut/Downloads/webtorrent/False.Memory.S01E04.1080p.BSITE.WEB-DL.ZHO.AAC2.0.H.264.MSubs-ToonsHub.mkv,119
1786252982,52,《记忆管理局》False Memory | 第5集预告！,https://www.youtube.com/watch?v=NnQnMjkMgkA,110
1786252988,52,《记忆管理局》False Memory | 第5集预告！,https://www.youtube.com/watch?v=NnQnMjkMgkA,110
1786277163,107,《记忆管理局》False Memory |“再见”——《记忆管理局》EP04【燃灯与灰火】特别ED,https://www.youtube.com/watch?v=x-5FlAYnEVg,166
1786277172,107,《记忆管理局》False Memory |“再见”——《记忆管理局》EP04【燃灯与灰火】特别ED,https://www.youtube.com/watch?v=x-5FlAYnEVg,166
1786280263,,,/home/nhut/Downloads/[Gecko] False Memory - S01E03 [BILI.WEB-DL 1080P HEVC, AAC, D-SUB][0F665D26].mkv,114
1786280274,,,/home/nhut/Downloads/webtorrent/False.Memory.S01E04.1080p.BSITE.WEB-DL.ZHO.AAC2.0.H.264.MSubs-ToonsHub.mkv,119
1786280447,,,/home/nhut/Downloads/webtorrent/False.Memory.S01E04.1080p.BSITE.WEB-DL.ZHO.AAC2.0.H.264.MSubs-ToonsHub.mkv,119
1786280581,,,/home/nhut/Downloads/webtorrent/False.Memory.S01E04.1080p.BSITE.WEB-DL.ZHO.AAC2.0.H.264.MSubs-ToonsHub.mkv,119
1786280979,,,http://localhost:8000/webtorrent/018a8bcb2884dc269ee22df71eadee1b47404ba5/Mushoku.Tensei.Jobless.Reincarnation.S03E04.A.King-Class.Water.Mage.1080p.CR.WEB-DL.AAC2.0.H.264-VARYG.mkv,193
1786281053,,,http://localhost:8000/webtorrent/6e8eee748b14a89f979a25255d143f4e5d334f6d/Mushoku.Tensei.Jobless.Reincarnation.S03E05.Celebrations.1080p.CR.WEB-DL.AAC2.0.H.264-VARYG.mkv,182
1786285192,72,《记忆管理局》False Memory | OP DOUDOU《忘记了也没关系》,https://www.youtube.com/watch?v=lyywCOr1_UU,130
1786285208,72,《记忆管理局》False Memory | OP DOUDOU《忘记了也没关系》,https://www.youtube.com/watch?v=lyywCOr1_UU,130
1786285275,72,《记忆管理局》False Memory | OP DOUDOU《忘记了也没关系》,https://www.youtube.com/watch?v=lyywCOr1_UU,130
1786285319,72,《记忆管理局》False Memory | OP DOUDOU《忘记了也没关系》,https://www.youtube.com/watch?v=lyywCOr1_UU,130
1786339632,,,/home/nhut/Downloads/webtorrent/False.Memory.S01E04.1080p.BSITE.WEB-DL.ZHO.AAC2.0.H.264.MSubs-ToonsHub.mkv,119
1786362939,,,/home/nhut/Downloads/webtorrent/False.Memory.S01E04.1080p.BSITE.WEB-DL.ZHO.AAC2.0.H.264.MSubs-ToonsHub.mkv,119
1786368749,,,/home/nhut/Videos/False.Memory.S01E01.REPACK.1080p.BSITE.WEB-DL.ZHO.AAC2.0.H.264.MSubs-ToonsHub.mkv,112
1786369182,,,/home/nhut/Videos/False.Memory.S01E04.1080p.BSITE.WEB-DL.ZHO.AAC2.0.H.264.MSubs-ToonsHub.mkv,105
1786370753,,,/home/nhut/Videos/False.Memory.S01E04.1080p.BSITE.WEB-DL.ZHO.AAC2.0.H.264.MSubs-ToonsHub.mkv,105
1786445125,,,/home/nhut/Videos/False.Memory.S01E04.1080p.BSITE.WEB-DL.ZHO.AAC2.0.H.264.MSubs-ToonsHub.mkv,105
1786495400,89,Re:ZERO -Starting Life in Another World- Season 4 Cour 2 | Official Trailer | Crunchyroll,https://www.youtube.com/watch?v=RtrgD-up1kw&pp=0gcJCcsLAYcqIYzv,167
1786495656,24,Hyprland Blurred Gruvbox,https://www.youtube.com/watch?v=3qJWOpZu1jE,82
1786495690,24,Hyprland Blurred Gruvbox,https://www.youtube.com/watch?v=3qJWOpZu1jE,82
1786495711,24,Hyprland Blurred Gruvbox,https://www.youtube.com/watch?v=3qJWOpZu1jE,82
1786512793,,,/home/nhut/Videos/Recordings/recording_20260812_122959.mp4,71
1786513557,,,/home/nhut/Videos/Recordings/recording_20260812_123634.mp4,71
1786514957,11,| WIBUTIMES,https://www.youtube.com/watch?v=ifa1OEr-B60&t=668s&pp=ugUEEgJ2aQ%3D%3D,96
1786523347,,,/home/nhut/Videos/False.Memory.S01E04.1080p.BSITE.WEB-DL.ZHO.AAC2.0.H.264.MSubs-ToonsHub.mkv,105
1786523662,,,/home/nhut/Videos/False.Memory.S01E04.1080p.AMZN.WEB-DL.CMN.DDP2.0.H.264.MSubs-ToonsHub.mkv,104
1786523667,,,/home/nhut/Videos/False.Memory.S01E04.1080p.AMZN.WEB-DL.CMN.DDP2.0.H.264.MSubs-ToonsHub.mkv,104
1786525188,,,/home/nhut/Videos/False.Memory.S01E04.1080p.AMZN.WEB-DL.CMN.DDP2.0.H.264.MSubs-ToonsHub.mkv,104
1786535398,,,/home/nhut/Videos/False.Memory.S01E04.1080p.AMZN.WEB-DL.CMN.DDP2.0.H.264.MSubs-ToonsHub.mkv,104
1786535970,,,/home/nhut/Videos/TRẢ CÁI QUẦN CHO TAO! ｜｜ Umamusume Vietnam meme [CmiNaehBN2k].mkv,105
1786536289,,,/home/nhut/Videos/False.Memory.S01E02.REPACK.1080p.BSITE.WEB-DL.ZHO.AAC2.0.H.264.MSubs-ToonsHub.mkv,112
1786536301,,,/home/nhut/Videos/False.Memory.S01E01.REPACK.1080p.BSITE.WEB-DL.ZHO.AAC2.0.H.264.MSubs-ToonsHub.mkv,112
1786536302,,,/home/nhut/Videos/False.Memory.S01E02.REPACK.1080p.BSITE.WEB-DL.ZHO.AAC2.0.H.264.MSubs-ToonsHub.mkv,112
1786536311,,,/home/nhut/Videos/False.Memory.S01E01.REPACK.1080p.BSITE.WEB-DL.ZHO.AAC2.0.H.264.MSubs-ToonsHub.mkv,112
1786536325,,,/home/nhut/Videos/False.Memory.S01E01.REPACK.1080p.BSITE.WEB-DL.ZHO.AAC2.0.H.264.MSubs-ToonsHub.mkv,112
1786536518,,,/home/nhut/Videos/False.Memory.S01E01.1080p.AMZN.WEB-DL.CMN.DDP2.0.H.264.MSubs-ToonsHub.mkv,104
1786536922,,,/home/nhut/Videos/False.Memory.S01E02.REPACK.1080p.BSITE.WEB-DL.ZHO.AAC2.0.H.264.MSubs-ToonsHub.mkv,112
1786536924,,,/home/nhut/Videos/False.Memory.S01E04.1080p.AMZN.WEB-DL.CMN.DDP2.0.H.264.MSubs-ToonsHub.mkv,104
1786536931,,,/home/nhut/Videos/False.Memory.S01E02.REPACK.1080p.BSITE.WEB-DL.ZHO.AAC2.0.H.264.MSubs-ToonsHub.mkv,112
1786536932,,,/home/nhut/Videos/False.Memory.S01E04.1080p.AMZN.WEB-DL.CMN.DDP2.0.H.264.MSubs-ToonsHub.mkv,104
1786536953,,,/home/nhut/Videos/[Gecko] False Memory - S01E03 [BILI.WEB-DL 1080P HEVC, AAC, D-SUB][0F665D26].mkv,111
1786538822,,,/home/nhut/Videos/False.Memory.S01E01.1080p.AMZN.WEB-DL.CMN.DDP2.0.H.264.MSubs-ToonsHub.mkv,104
1786539012,,,/home/nhut/Videos/False.Memory.S01E04.1080p.AMZN.WEB-DL.CMN.DDP2.0.H.264.MSubs-ToonsHub.mkv,104
1786540190,,,/home/nhut/Videos/False.Memory.S01E01.1080p.AMZN.WEB-DL.CMN.DDP2.0.H.264.MSubs-ToonsHub.mkv,104
1786541376,,,/home/nhut/Videos/False.Memory.S01E04.1080p.AMZN.WEB-DL.CMN.DDP2.0.H.264.MSubs-ToonsHub.mkv,104
1786542369,54,Tại sao yêu đương bây giờ độc hại phết,https://www.youtube.com/watch?v=0yZp3LNjvEI,112
1786612177,,,/home/nhut/Downloads/firefly-lying-in-the-water-honkai-star-rail-1-moewalls-com.mp4,96
1786612838,,,/home/nhut/Downloads/bg.mp4,40
1786612946,,,/home/nhut/Downloads/bg.mp4,40
1786612965,,,/home/nhut/Downloads/Untitled Folder/bg.mp4,56
1786613106,,,/usr/share/sddm/themes/pixel-rainyroom/bg.mp4,58
1786615162,,,/home/nhut/qylock/themes/dog-samurai/bg.mp4,56
1786615898,,,/home/nhut/qylock/themes/pixel-munchlax/bg.mp4,59
1786621846,56,Seedance 2.5 vs Wan 3.0 - Kết quả ngoài dự đoán,https://www.youtube.com/watch?v=xzqtZTn1ujs,114
1786622530,83,[VIETSUB] 《记忆管理局 - CỤC QUẢN LÍ KÝ ỨC》 False Memory Offical PV,https://www.youtube.com/watch?v=_duJB2Uz7Mo&pp=ygUMZmFsc2UgbWVtb3J5,165
1786622545,83,[VIETSUB] 《记忆管理局 - CỤC QUẢN LÍ KÝ ỨC》 False Memory Offical PV,https://www.youtube.com/watch?v=_duJB2Uz7Mo&pp=ygUMZmFsc2UgbWVtb3J5,165
1786622803,,,/home/nhut/Videos/False.Memory.S01E01.1080p.AMZN.WEB-DL.CMN.DDP2.0.H.264.MSubs-ToonsHub.mkv,104
1786623736,96,Re:Zero - Bắt đầu lại từ con số 0 tại thế giới khác S4 - Tập 78 [Việt sub],https://www.youtube.com/watch?v=pywNKxx8XOM&pp=ygUEbXVzZQ%3D%3D,174
1786623872,96,Re:Zero - Bắt đầu lại từ con số 0 tại thế giới khác S4 - Tập 78 [Việt sub],https://www.youtube.com/watch?v=pywNKxx8XOM&pp=ygUEbXVzZQ%3D%3D,174
1786624627,,,http://localhost:8000/webtorrent/07cf85639405370e56e5a5ad1e838a65985bae2b/Mushoku.Tensei.Jobless.Reincarnation.S03E06.Another.Crisis.1080p.NF.WEB-DL.AAC2.0.H.264-VARYG.mkv,184
1786626500,,,http://localhost:8000/webtorrent/f357066de2c85dbb82e5a5542b2a673c5b35c862/Mushoku.Tensei.Jobless.Reincarnation.S03E07.Phase.Four.1080p.NF.WEB-DL.AAC2.0.H.264-VARYG.mkv,180
1786678944,31,Vụ Asama vẫn tiếp diễn?,https://www.youtube.com/watch?v=KxmdJpvRP8Y,89
1786678956,31,Vụ Asama vẫn tiếp diễn?,https://www.youtube.com/watch?v=KxmdJpvRP8Y,89
1786679843,31,Vụ Asama vẫn tiếp diễn?,https://www.youtube.com/watch?v=KxmdJpvRP8Y,89
1786708754,72,《记忆管理局》False Memory | Official Trailer (August 2 Premiere),https://www.youtube.com/watch?v=yfz2c9LE6ew&pp=ygUMZmFsc2UgbWVtb3J5,154
1786709006,,,/home/nhut/Videos/False.Memory.S01E01.REPACK.1080p.BSITE.WEB-DL.ZHO.AAC2.0.H.264.MSubs-ToonsHub.mkv,112
1786709382,,,/home/nhut/Videos/[Gecko] False Memory - S01E03 [BILI.WEB-DL 1080P HEVC, AAC, D-SUB][0F665D26].mkv,111
1786711188,,,/home/nhut/Projects/False Memory/EP1/False.Memory.S01E01.1080p.AMZN.WEB-DL.CMN.DDP2.0.H.264.MSubs-ToonsHub.mkv,123
1786799235,64,VÙNG ĐẤT KHÔNG THẦN | NO GOD'S LAND | Official First Look,https://www.youtube.com/watch?v=pl-dgs6xnE4,122
1786799640,64,VÙNG ĐẤT KHÔNG THẦN | NO GOD'S LAND | Official First Look,https://www.youtube.com/watch?v=pl-dgs6xnE4,122
1786801545,64,VÙNG ĐẤT KHÔNG THẦN | NO GOD'S LAND | Official First Look,https://www.youtube.com/watch?v=pl-dgs6xnE4&pp=ygUbY2hp4bq_biB0aOG6p24gbOG6oWMgaOG7k25n,166
1786801553,64,VÙNG ĐẤT KHÔNG THẦN | NO GOD'S LAND | Official First Look,https://www.youtube.com/watch?v=pl-dgs6xnE4&pp=ygUbY2hp4bq_biB0aOG6p24gbOG6oWMgaOG7k25n,166
1786802792,,,http://localhost:8000/webtorrent/54e4599d40e0388dc848080473dc21ecb713e79e/Smoking.Behind.the.Supermarket.With.You.S01E01.Smoke.1.1080p.NF.WEB-DL.DUAL.AAC2.0.H.264.MSubs-ToonsHub.mkv,194
1786846294,,,/home/nhut/Downloads/MDPro3_v1.4.4/Video/Art/2501624.mp4,69
1786850456,,,/home/nhut/.config/com.add0n.node/LGBT？ [Ku5MxSkC3SM].mkv,72
1786851141,,,http://localhost:8000/webtorrent/a9bfb68dde9b7c52202cc017563d30381f0fb89e/[Erai-raws]%20Yani%20Neko%20-%2007%20[1080p%20NF%20WEBRip%20HEVC%20AAC][MultiSub][BBC6E36A].mkv,182
1786851865,,,/home/nhut/Downloads/LGBT？ [Ku5MxSkC3SM].mkv,59
1786852598,,,/home/nhut/Downloads/Đội tuyển tôi yếu [UYAqiUh-0X8].mkv,77
1786852717,,,/home/nhut/Projects/False Memory/EP1/False.Memory.S01E01.REPACK.1080p.BSITE.WEB-DL.ZHO.AAC2.0.H.264.MSubs-ToonsHub.mkv,131
1786855136,,,http://localhost:8000/webtorrent/cbcb5c872aa396a74c77618f8469f01aa49a3e81/False.Memory.S01E05.1080p.BSITE.WEB-DL.ZHO.AAC2.0.H.264.MSubs-ToonsHub.mkv,161
1786858064,,,/home/nhut/Downloads/False.Memory.S01E05.1080p.BSITE.WEB-DL.ZHO.AAC2.0.H.264.MSubs-ToonsHub.mkv,108
1786859236,,,/home/nhut/Downloads/HO8eCm6aMAAXg_x.jpeg,54
1786859236,,,/home/nhut/Downloads/iochi-mari-smoking-midnight-blue-archive-moewalls-com.mp4,91
1786877496,,,/home/nhut/Projects/False Memory/EP1/False.Memory.S01E01.REPACK.1080p.BSITE.WEB-DL.ZHO.AAC2.0.H.264.MSubs-ToonsHub.mkv,131
1786887919,,,/home/nhut/Projects/False Memory/EP1/False.Memory.S01E01.REPACK.1080p.BSITE.WEB-DL.ZHO.AAC2.0.H.264.MSubs-ToonsHub.mkv,131
1786888636,,,/home/nhut/Downloads/FalseMemoryEp3VietSub.mkv,59
1786890382,,,/home/nhut/Downloads/FalseMemoryEp2VietSub.mkv,59
1786890415,,,/home/nhut/Downloads/FalseMemoryEp3VietSub.mkv,59
1786890418,,,/home/nhut/Downloads/FalseMemoryEp2VietSub.mkv,59
1786890424,,,/home/nhut/Downloads/FalseMemoryEp3VietSub.mkv,59
1786890883,,,/home/nhut/Videos/[Gecko] False Memory - S01E03 [BILI.WEB-DL 1080P HEVC, AAC, D-SUB][0F665D26].mkv,111
1786965874,,,/home/nhut/Downloads/False.Memory.S01E05.1080p.AMZN.WEB-DL.CMN.DDP2.0.H.264.MSubs-ToonsHub.mkv,107
1786967733,,,http://localhost:8000/webtorrent/5edcdd049d2acf5bff8b2aa4f974937630b2adbe/Mushoku.Tensei.Jobless.Reincarnation.S03E08.The.Flying.Fortress.1080p.CR.WEB-DL.AAC2.0.H.264-VARYG.mkv,189
1786969757,51,SPIDER-MAN: BRAND NEW DAY – Official Trailer (HD),https://www.youtube.com/watch?v=8TZMtslA3UY&pp=ygUKc3BpZGVyIG1hbg%3D%3D,137
1786969942,46,SPIDER-MAN: BRAND NEW DAY – New Trailer (4K),https://www.youtube.com/watch?v=62bIsvRcPv0&pp=ygUKc3BpZGVyIG1hbg%3D%3D,132
1786969951,46,SPIDER-MAN: BRAND NEW DAY – New Trailer (4K),https://www.youtube.com/watch?v=62bIsvRcPv0&pp=ygUKc3BpZGVyIG1hbg%3D%3D,132
1786972152,,,/home/nhut/Videos/False.Memory.S01E05.1080p.AMZN.WEB-DL.CMN.DDP2.0.H.264.MSubs-ToonsHub.mkv,104
1786972208,,,/home/nhut/Videos/FalseMemoryEp3VietSub.mkv,56
1786975771,,,/home/nhut/Videos/False.Memory.S01E04.1080p.AMZN.WEB-DL.CMN.DDP2.0.H.264.MSubs-ToonsHub.mkv,104
1786975780,,,/home/nhut/Videos/False.Memory.S01E05.1080p.AMZN.WEB-DL.CMN.DDP2.0.H.264.MSubs-ToonsHub.mkv,104
1787030185,,,/home/nhut/Projects/False Memory/EP1/False.Memory.S01E01.1080p.AMZN.WEB-DL.CMN.DDP2.0.H.264.MSubs-ToonsHub.mkv,123
1787030784,,,/home/nhut/Projects/False Memory/EP1/False.Memory.S01E01.1080p.AMZN.WEB-DL.CMN.DDP2.0.H.264.MSubs-ToonsHub.mkv,123
1787031728,,,/home/nhut/Projects/False Memory/EP1/falsehardsub.mp4,66
1787032394,,,/home/nhut/Projects/False Memory/EP1/falsehardsub.mp4,66
1787033012,,,/home/nhut/Videos/untitled.mp4,43
1787033144,,,/home/nhut/Videos/Recordings/recording_20260812_122959.mp4,71
1787057811,,,/home/nhut/Downloads/[Phim Ngắn] TRƯỢC ｜ DỰ ÁN ＂LAY MỘT DÒNG SÔNG＂ [kOuXENKWAzs].mp4,115
1787058113,,,/home/nhut/Downloads/[Phim Ngắn] TRƯỢC ｜ DỰ ÁN ＂LAY MỘT DÒNG SÔNG＂ [kOuXENKWAzs].mkv,115
1787060277,83,KAMEN RIDER ZERO-ONE - Hiệp Sĩ Mặt Nạ: Hiểm Họa A.I. - TẬP 2 [Vietsub],https://www.youtube.com/watch?v=iEi9-gT0X8o,141
1787060317,83,KAMEN RIDER ZERO-ONE - Hiệp Sĩ Mặt Nạ: Hiểm Họa A.I. - TẬP 2 [Vietsub],https://www.youtube.com/watch?v=iEi9-gT0X8o,141
1787063830,82,《记忆管理局》False Memory |《记忆管理局》完整版ED正式公开！,https://www.youtube.com/watch?v=Jd1NQ8NDtkA,140
1787063940,,,/home/nhut/Videos/False.Memory.S01E05.1080p.AMZN.WEB-DL.CMN.DDP2.0.H.264.MSubs-ToonsHub.mkv,104
1787065459,,,/home/nhut/Videos/FalseMemoryEp2VietSub.mkv,56
1787102405,81,Spider-Man Opening Swinging Scene - The Amazing Spider-Man 2 (2014) Movie CLIP HD,https://www.youtube.com/watch?v=gNPy_CO4zqA,139
1787106494,,,/home/nhut/Projects/False Memory/EP1/False.Memory.S01E01.1080p.AMZN.WEB-DL.CMN.DDP2.0.H.264.MSubs-ToonsHub.mkv,123
1787106675,,,/home/nhut/Projects/False Memory/EP1/False.Memory.S01E01.1080p.AMZN.WEB-DL.CMN.DDP2.0.H.264.MSubs-ToonsHub.mkv,123
1787107159,,,/home/nhut/Projects/False Memory/EP1/False.Memory.S01E01.1080p.AMZN.WEB-DL.CMN.DDP2.0.H.264.MSubs-ToonsHub.mkv,123
1787107410,,,/home/nhut/Projects/False Memory/EP1/False.Memory.S01E01.REPACK.1080p.BSITE.WEB-DL.ZHO.AAC2.0.H.264.MSubs-ToonsHub.mkv,131
1787120895,,,/home/nhut/Projects/False Memory/EP1/False.Memory.S01E01.1080p.AMZN.WEB-DL.CMN.DDP2.0.H.264.MSubs-ToonsHub.mkv,123
1787124927,,,/home/nhut/Projects/False Memory/EP1/False.Memory.S01E01.1080p.AMZN.WEB-DL.CMN.DDP2.0.H.264.MSubs-ToonsHub.mkv,123
1787130449,,,/home/nhut/Projects/False Memory/EP1/False.Memory.S01E01.1080p.AMZN.WEB-DL.CMN.DDP2.0.H.264.MSubs-ToonsHub.mkv,123
1787140177,,,/home/nhut/Projects/False Memory/EP1/FalseMemory.S01E01.vie.mkv,76
1787140512,,,/home/nhut/Projects/False Memory/EP1/FalseMemory.S01E01.vie.mkv,76
1787140558,,,/home/nhut/Projects/False Memory/EP1/FalseMemory.S01E01.vie.mkv,76
1787140647,,,/home/nhut/Projects/False Memory/EP1/False.Memory.S01E01.1080p.AMZN.WEB-DL.CMN.DDP2.0.H.264.MSubs-ToonsHub.mkv,123
1787140670,,,/home/nhut/Projects/False Memory/EP1/FalseMemory.S01E01.vie.mkv,76
1787141977,,,/home/nhut/Projects/False Memory/EP1/FalseMemory.S01E01.vie.mkv,76
1787143583,,,/home/nhut/Projects/False Memory/EP1/FalseMemory.S01E01.vie.mkv,76
1787144437,,,/home/nhut/Projects/False Memory/EP1/FalseMemory.S01E01.vie.mkv,76
1787197141,38,Asama không tệ như chúng ta nghĩ,https://www.youtube.com/watch?v=vc9LoQnTlbk&pp=0gcJCRMMAYcqIYzv,116
1787211360,,,/home/nhut/Projects/False Memory/EP1/FalseMemory.S01E01.vie.mkv,76
1787214585,,,/home/nhut/Downloads/Đội tuyển tôi yếu [UYAqiUh-0X8].mkv,77
1787228795,83,KAMEN RIDER ZERO-ONE - Hiệp Sĩ Mặt Nạ: Hiểm Họa A.I. - TẬP 5 [Vietsub],https://www.youtube.com/watch?v=Qf3I3_BndqM,141
1787228808,83,KAMEN RIDER ZERO-ONE - Hiệp Sĩ Mặt Nạ: Hiểm Họa A.I. - TẬP 5 [Vietsub],https://www.youtube.com/watch?v=Qf3I3_BndqM,141
1787230555,84,KAMEN RIDER ZERO-ONE - Hiệp Sĩ Mặt Nạ: Hiểm Họa A.I. - TẬP 10 [Vietsub],https://www.youtube.com/watch?v=jRM5HkC7LTU&list=PLb7OwoVDPJRk&index=10&pp=iAQB,178
1787230568,84,KAMEN RIDER ZERO-ONE - Hiệp Sĩ Mặt Nạ: Hiểm Họa A.I. - TẬP 10 [Vietsub],https://www.youtube.com/watch?v=jRM5HkC7LTU&list=PLb7OwoVDPJRk&index=10&pp=iAQB,178
1787232998,57,[Phim Ngắn] TRƯỢC | DỰ ÁN "LAY MỘT DÒNG SÔNG",https://www.youtube.com/watch?v=kOuXENKWAzs,115
1787233010,57,[Phim Ngắn] TRƯỢC | DỰ ÁN "LAY MỘT DÒNG SÔNG",https://www.youtube.com/watch?v=kOuXENKWAzs,115
1787234897,,,/home/nhut/Videos/False.Memory.S01E04.1080p.AMZN.WEB-DL.CMN.DDP2.0.H.264.MSubs-ToonsHub.mkv,104
1787234918,,,/home/nhut/Videos/[Gecko] False Memory - S01E03 [BILI.WEB-DL 1080P HEVC, AAC, D-SUB][0F665D26].mkv,111
1787235129,,,/home/nhut/Videos/False.Memory.S01E05.1080p.AMZN.WEB-DL.CMN.DDP2.0.H.264.MSubs-ToonsHub.mkv,104
1787270748,61,Cyberpunk: Edgerunners 2 | Official Teaser #3 | Netflix Anime,https://www.youtube.com/watch?v=iiuRyNg3giw,119
1787270762,61,Cyberpunk: Edgerunners 2 | Official Teaser #3 | Netflix Anime,https://www.youtube.com/watch?v=iiuRyNg3giw,119
1787275250,17,False Memory - 01,/home/nhut/Downloads/[ZeroReverse] False Memory - 01 (WEBRip 1080p) [A10339AA].mkv,114
1787275261,,,/home/nhut/Downloads/bEqPbYfoNT0GmwHleh6foApo1rUFYvKi3R0VvqLI6y4IkS5FIHyEz7PI11FmpSw.webp,102
1787275261,,,/home/nhut/Downloads/cachyos-linux-customized.svg,62
1787275261,,,/home/nhut/Downloads/cachyos.svg,45
1787275261,,,/home/nhut/Downloads/False.Memory.S01E02.REPACK.1080p.BSITE.WEB-DL.ZHO.AAC2.0.H.264.MSubs-ToonsHub.mkv,115
1787275265,17,False Memory - 01,/home/nhut/Downloads/[ZeroReverse] False Memory - 01 (WEBRip 1080p) [A10339AA].mkv,114
1787275269,,,/home/nhut/Downloads/bEqPbYfoNT0GmwHleh6foApo1rUFYvKi3R0VvqLI6y4IkS5FIHyEz7PI11FmpSw.webp,102
1787275269,,,/home/nhut/Downloads/cachyos-linux-customized.svg,62
1787275269,,,/home/nhut/Downloads/cachyos.svg,45
1787275269,,,/home/nhut/Downloads/False.Memory.S01E02.REPACK.1080p.BSITE.WEB-DL.ZHO.AAC2.0.H.264.MSubs-ToonsHub.mkv,115
1787277714,,,/home/nhut/Projects/False Memory/EP2/False.Memory.S01E02.REPACK.1080p.BSITE.WEB-DL.ZHO.AAC2.0.H.264.MSubs-ToonsHub.mkv,131
1787277717,,,/home/nhut/Projects/False Memory/EP2/False.Memory.S01E02.1080p.AMZN.WEB-DL.CMN.DDP2.0.H.264.MSubs-ToonsHub.mkv,123
1787278756,,,/home/nhut/Projects/False Memory/EP2/False.Memory.S01E02.1080p.AMZN.WEB-DL.CMN.DDP2.0.H.264.MSubs-ToonsHub.mkv,123
1787288103,64,Fate/stay night [Unlimited Blade Works] Aimer - Brave Shine [4K],https://www.youtube.com/watch?v=7vZp3yGxZXE&pp=ygULYnJhdmUgc2hpbmU%3D,148
1787288120,64,Fate/stay night [Unlimited Blade Works] Aimer - Brave Shine [4K],https://www.youtube.com/watch?v=7vZp3yGxZXE&pp=ygULYnJhdmUgc2hpbmU%3D,148
1787288652,107,《记忆管理局》False Memory |“再见”——《记忆管理局》EP04【燃灯与灰火】特别ED,https://www.youtube.com/watch?v=x-5FlAYnEVg&pp=ygUMZmFsc2UgbWVtb3J50gcJCRMMAYcqIYzv,206
1787303325,,,/home/nhut/Projects/False Memory/EP2/False.Memory.S01E02.REPACK.1080p.BSITE.WEB-DL.ZHO.AAC2.0.H.264.MSubs-ToonsHub.mkv,131
1787308694,55,Bodycam: Official 'Road to Locked and Loaded' Dev Diary,https://www.youtube.com/watch?v=MDjn7dsnpgI,113
1787309029,112,大手門の一戦｜「SEKIRO: NO DEFEAT」本編映像先行解禁！｜9月4日(金)より3週間限定上映,https://www.youtube.com/watch?v=kCOub7E1-mA,171
1787356416,55,Cyberpunk: Edgerunners 2 | Official Teaser #3 | Netflix,https://www.youtube.com/watch?v=SyeHKMfswHk,113
1787356561,53,Nghỉ Hè Sợ Nghỉ Hưu – Tư Duy Thiển Cận,https://www.youtube.com/watch?v=V7hnYpVtQ7E,111
1787366875,,,/home/nhut/Projects/False Memory/EP2/False.Memory.S01E02.1080p.AMZN.WEB-DL.CMN.DDP2.0.H.264.MSubs-ToonsHub.mkv,123
1787387408,,,/home/nhut/Projects/False Memory/EP2/False.Memory.S01E02.1080p.AMZN.WEB-DL.CMN.DDP2.0.H.264.MSubs-ToonsHub.mkv,123
1787387572,,,/home/nhut/Projects/False Memory/EP2/False.Memory.S01E02.1080p.AMZN.WEB-DL.CMN.DDP2.0.H.264.MSubs-ToonsHub.mkv,123
1787391052,,,/home/nhut/Projects/False Memory/EP2/False.Memory.S01E02.1080p.AMZN.WEB-DL.CMN.DDP2.0.H.264.MSubs-ToonsHub.mkv,123
1787391302,,,/home/nhut/Projects/False Memory/EP2/False.Memory.S01E02.1080p.AMZN.WEB-DL.CMN.DDP2.0.H.264.MSubs-ToonsHub.mkv,123
1787391873,,,/home/nhut/Projects/False Memory/EP2/False.Memory.S01E02.1080p.AMZN.WEB-DL.CMN.DDP2.0.H.264.MSubs-ToonsHub.mkv,123
1787392236,,,/home/nhut/Projects/False Memory/EP2/False.Memory.S01E02.1080p.AMZN.WEB-DL.CMN.DDP2.0.H.264.MSubs-ToonsHub.mkv,123
1787393208,,,/home/nhut/Projects/False Memory/EP2/False.Memory.S01E02.1080p.vie.mkv,83
1787395106,,,/home/nhut/Projects/False Memory/EP2/False.Memory.S01E02.vie.mkv,77
1787398175,17,False Memory - 01,/home/nhut/Downloads/[ZeroReverse] False Memory - 01 (WEBRip 1080p) [A10339AA].mkv,114
1787400162,,,/home/nhut/Projects/False Memory/EP2/False.Memory.S01E02.1080p.AMZN.WEB-DL.CMN.DDP2.0.H.264.MSubs-ToonsHub.mkv,123
1787401900,17,False Memory - 01,/home/nhut/Downloads/[ZeroReverse] False Memory - 01 (WEBRip 1080p) [A10339AA].mkv,114
1787403461,,,/home/nhut/Projects/False Memory/EP1/False.Memory.S01E01.1080p.AMZN.WEB-DL.CMN.DDP2.0.H.264.MSubs-ToonsHub.mkv,123
1787405647,84,KAMEN RIDER ZERO-ONE - Hiệp Sĩ Mặt Nạ: Hiểm Họa A.I. - TẬP 40 [Vietsub],https://www.youtube.com/watch?v=ci86CiALTWo,142
1787405660,84,KAMEN RIDER ZERO-ONE - Hiệp Sĩ Mặt Nạ: Hiểm Họa A.I. - TẬP 40 [Vietsub],https://www.youtube.com/watch?v=ci86CiALTWo,142
1787405677,84,KAMEN RIDER ZERO-ONE - Hiệp Sĩ Mặt Nạ: Hiểm Họa A.I. - TẬP 40 [Vietsub],https://www.youtube.com/watch?v=ci86CiALTWo,142
1787405691,84,KAMEN RIDER ZERO-ONE - Hiệp Sĩ Mặt Nạ: Hiểm Họa A.I. - TẬP 40 [Vietsub],https://www.youtube.com/watch?v=ci86CiALTWo,142
1787405709,84,KAMEN RIDER ZERO-ONE - Hiệp Sĩ Mặt Nạ: Hiểm Họa A.I. - TẬP 40 [Vietsub],https://www.youtube.com/watch?v=ci86CiALTWo,142
1787405725,84,KAMEN RIDER ZERO-ONE - Hiệp Sĩ Mặt Nạ: Hiểm Họa A.I. - TẬP 40 [Vietsub],https://www.youtube.com/watch?v=ci86CiALTWo,142
1787405773,84,KAMEN RIDER ZERO-ONE - Hiệp Sĩ Mặt Nạ: Hiểm Họa A.I. - TẬP 40 [Vietsub],https://www.youtube.com/watch?v=ci86CiALTWo,142
1787405861,,,/home/nhut/Videos/False.Memory.S01E05.1080p.AMZN.WEB-DL.CMN.DDP2.0.H.264.MSubs-ToonsHub.mkv,104
1787406109,,,/home/nhut/Videos/False.Memory.S01E04.1080p.AMZN.WEB-DL.CMN.DDP2.0.H.264.MSubs-ToonsHub.mkv,104
1787450836,,,/home/nhut/Videos/FalseMemoryEp2VietSub.mkv,56
1787451082,,,/home/nhut/Projects/False Memory/EP2/False.Memory.S01E02.vie.mkv,77
1787451435,,,/home/nhut/Projects/False Memory/EP1/False.Memory.S01E01.1080p.AMZN.WEB-DL.CMN.DDP2.0.H.264.MSubs-ToonsHub.mkv,123
1787451574,32,[SubsWhen] False Memory - S01E01,/home/nhut/Downloads/[SubsWhen] False Memory - S01E01 (WEB 1080p AVC EAC3) [73EDCE5E].mkv,136
1787452606,,,/home/nhut/Downloads/bEqPbYfoNT0GmwHleh6foApo1rUFYvKi3R0VvqLI6y4IkS5FIHyEz7PI11FmpSw.webp,102
1787452606,,,/home/nhut/Downloads/cachyos-linux-customized.svg,62
1787452607,,,/home/nhut/Downloads/cachyos.svg,45
1787452607,,,/home/nhut/Downloads/HO8eCm6aMAAXg_x.jpeg,54
1787452607,,,/home/nhut/Downloads/HP_-ggdbsAAr3w_.jpg,53
1787452608,,,/home/nhut/Downloads/image209.png,46
1787452608,,,/home/nhut/Downloads/image214.png,46
1787452608,,,/home/nhut/Downloads/image264.png,46
1787452609,,,/home/nhut/Downloads/image450.png,46
1787452609,,,/home/nhut/Downloads/IMG_20260218_093449.jpg,57
1787452609,,,/home/nhut/Downloads/IMG_20260218_093558.jpg,57
1787452610,,,/home/nhut/Downloads/IMG_20260218_093614.jpg,57
1787452610,,,/home/nhut/Downloads/IMG_20260218_093704.jpg,57
1787452611,,,/home/nhut/Downloads/IMG_20260218_094358.jpg,57
1787452611,,,/home/nhut/Downloads/IMG_20260218_094548.jpg,57
1787452611,,,/home/nhut/Downloads/iochi-mari-smoking-midnight-blue-archive-moewalls-com.mp4,91
1787452630,,,/home/nhut/Downloads/Đội tuyển tôi yếu [UYAqiUh-0X8].mkv,77
1787456129,,,/home/nhut/Projects/False Memory/EP 3/False.Memory.S01E03.1080p.BSITE.WEB-DL.ZHO.AAC2.0.H.264.MSubs-ToonsHub.mkv,125
1787458429,,,/home/nhut/Downloads/HO8eCm6aMAAXg_x.jpeg,54
1787458430,,,/home/nhut/Downloads/HP_-ggdbsAAr3w_.jpg,53
1787458430,,,/home/nhut/Downloads/image209.png,46
1787458430,,,/home/nhut/Downloads/image214.png,46
1787458430,,,/home/nhut/Downloads/image264.png,46
1787458430,,,/home/nhut/Downloads/image450.png,46
1787458431,,,/home/nhut/Downloads/IMG_20260218_093449.jpg,57
1787458431,,,/home/nhut/Downloads/IMG_20260218_093558.jpg,57
1787458431,,,/home/nhut/Downloads/IMG_20260218_093614.jpg,57
1787458438,,,/home/nhut/Downloads/HO8eCm6aMAAXg_x.jpeg,54
1787458438,,,/home/nhut/Downloads/HP_-ggdbsAAr3w_.jpg,53
1787458438,,,/home/nhut/Downloads/image209.png,46
1787458439,,,/home/nhut/Downloads/image214.png,46
1787458439,,,/home/nhut/Downloads/image264.png,46
1787458439,,,/home/nhut/Downloads/image450.png,46
1787458439,,,/home/nhut/Downloads/IMG_20260218_093449.jpg,57
1787461213,,,/home/nhut/Downloads/torlink/False.Memory.S01E06.1080p.BSITE.WEB-DL.ZHO.AAC2.0.H.264.MSubs-ToonsHub.mkv,116
1787462833,,,/home/nhut/Downloads/torlink/False.Memory.S01E06.1080p.BSITE.WEB-DL.ZHO.AAC2.0.H.264.MSubs-ToonsHub.mkv,116
1787473183,84,KAMEN RIDER ZERO-ONE - Hiệp Sĩ Mặt Nạ: Hiểm Họa A.I. - TẬP 44 [Vietsub],https://www.youtube.com/watch?v=6MzHO1GA-0Y,142
1787473206,84,KAMEN RIDER ZERO-ONE - Hiệp Sĩ Mặt Nạ: Hiểm Họa A.I. - TẬP 44 [Vietsub],https://www.youtube.com/watch?v=6MzHO1GA-0Y,142
1787473605,56,Cách trailer DỞ huỷ hoại một bộ phim HAY,https://www.youtube.com/watch?v=iN0m-UKNaoQ,114
1787473819,56,Cách trailer DỞ huỷ hoại một bộ phim HAY,https://www.youtube.com/watch?v=iN0m-UKNaoQ,114
1787490525,,,/home/nhut/Videos/[Gecko] False Memory - S01E03 [BILI.WEB-DL 1080P HEVC, AAC, D-SUB][0F665D26].mkv,111
1787490624,72,《记忆管理局》False Memory | Official Trailer (August 2 Premiere),https://www.youtube.com/watch?v=yfz2c9LE6ew,130
1787491596,,,/home/nhut/Videos/FalseMemoryEp3VietSub.mkv,56
1787492537,,,/home/nhut/Downloads/HO8eCm6aMAAXg_x.jpeg,54
1787492537,,,/home/nhut/Downloads/HP_-ggdbsAAr3w_.jpg,53
1787492538,,,/home/nhut/Downloads/image209.png,46
1787492538,,,/home/nhut/Downloads/image214.png,46
1787492538,,,/home/nhut/Downloads/image264.png,46
1787492538,,,/home/nhut/Downloads/image450.png,46
1787492538,,,/home/nhut/Downloads/IMG_20260218_093449.jpg,57
1787492539,,,/home/nhut/Downloads/IMG_20260218_093558.jpg,57
1787492539,,,/home/nhut/Downloads/IMG_20260218_093614.jpg,57
1787492540,,,/home/nhut/Downloads/IMG_20260218_093704.jpg,57
1787492540,,,/home/nhut/Downloads/IMG_20260218_094358.jpg,57
1787492541,,,/home/nhut/Downloads/HO8eCm6aMAAXg_x.jpeg,54
1787492541,,,/home/nhut/Downloads/IMG_20260218_094548.jpg,57
1787492541,,,/home/nhut/Downloads/iochi-mari-smoking-midnight-blue-archive-moewalls-com.mp4,91
1787492541,,,/home/nhut/Downloads/HP_-ggdbsAAr3w_.jpg,53
1787492575,,,/home/nhut/Downloads/torlink/False.Memory.S01E06.1080p.BSITE.WEB-DL.ZHO.AAC2.0.H.264.MSubs-ToonsHub.mkv,116
1787492755,,,/home/nhut/Downloads/False.Memory.S01E06.1080p.AMZN.WEB-DL.CMN.DDP2.0.H.264.MSubs-ToonsHub.mkv,107
1787492801,,,/home/nhut/Projects/False Memory/EP 3/[Gecko] False Memory - S01E03 [BILI.WEB-DL 1080P HEVC, AAC, D-SUB][0F665D26].mkv,131
1787492864,,,/home/nhut/Videos/False.Memory.S01E05.1080p.AMZN.WEB-DL.CMN.DDP2.0.H.264.MSubs-ToonsHub.mkv,104
1787493530,,,/home/nhut/Projects/False Memory/EP2/False.Memory.S01E02.vie.mkv,77
1787495765,82,《记忆管理局》False Memory |《记忆管理局》完整版ED正式公开！,https://www.youtube.com/watch?v=Jd1NQ8NDtkA,140
1787495985,29,Escape 100 Cops, Win $500,000,https://www.youtube.com/watch?v=Qtl8lJwbd4g&pp=ygUIbXIgYmVhc3Q%3D,109
1787496342,87,アニメ『NieR:Automata Ver1.1a』ノンクレジットエンディングムービー,https://www.youtube.com/watch?v=sb0oFhm1H1U,145
1787496644,134,TVアニメ『千歳くんはラムネ瓶のなか』ノンクレジットエンディング映像｜「陽炎」サイダーガール,https://www.youtube.com/watch?v=ca7_nIyte3I,193
1787496664,134,TVアニメ『千歳くんはラムネ瓶のなか』ノンクレジットエンディング映像｜「陽炎」サイダーガール,https://www.youtube.com/watch?v=ca7_nIyte3I,193
1787497089,124,TVアニメ『千歳くんはラムネ瓶のなか』ノンクレジットオープニング映像｜「ライアー」Kucci,https://www.youtube.com/watch?v=pjGmDIrNgHw,183
1787497222,134,TVアニメ『千歳くんはラムネ瓶のなか』ノンクレジットエンディング映像｜「陽炎」サイダーガール,https://www.youtube.com/watch?v=ca7_nIyte3I&pp=ugMICgJ2aRABGAHKBR9jaGl0b3NlIGlzIGluIHRoZSByYW11bmUgYm90dGxl,257
1787497451,72,《记忆管理局》False Memory | Official Trailer (August 2 Premiere),https://www.youtube.com/watch?v=yfz2c9LE6ew&pp=0gcJCRMMAYcqIYzv,150
1787497618,,,/home/nhut/Downloads/False.Memory.S01E06.1080p.AMZN.WEB-DL.CMN.DDP2.0.H.264.MSubs-ToonsHub.mkv,107
1787562362,,,/home/nhut/Videos/False.Memory.S01E04.1080p.AMZN.WEB-DL.CMN.DDP2.0.H.264.MSubs-ToonsHub.mkv,104
1787562452,,,/home/nhut/Projects/False Memory/EP 3/[Gecko] False Memory - S01E03 [BILI.WEB-DL 1080P HEVC, AAC, D-SUB][0F665D26].mkv,131
1787562569,,,/home/nhut/Projects/False Memory/EP 3/[Gecko] False Memory - S01E03 [BILI.WEB-DL 1080P HEVC, AAC, D-SUB][0F665D26].mkv,131
1787576212,,,/home/nhut/Projects/False Memory/EP2/False.Memory.S01E02.1080p.AMZN.WEB-DL.CMN.DDP2.0.H.264.MSubs-ToonsHub.mkv,123
1787648237,,,/home/nhut/Projects/False Memory/EP 3/False.Memory.S01E03.1080p.BSITE.WEB-DL.ZHO.AAC2.0.H.264.MSubs-ToonsHub.mkv,125
1787653075,,,/home/nhut/Projects/False Memory/EP 3/[Gecko] False Memory - S01E03 [BILI.WEB-DL 1080P HEVC, AAC, D-SUB][0F665D26].mkv,131
1787653261,,,/home/nhut/Projects/False Memory/EP 3/[Gecko] False Memory - S01E03 [BILI.WEB-DL 1080P HEVC, AAC, D-SUB][0F665D26].mkv,131
1787654000,,,/home/nhut/Projects/False Memory/EP 3/[Gecko] False Memory - S01E03 [BILI.WEB-DL 1080P HEVC, AAC, D-SUB][0F665D26].mkv,131
1787654053,,,/home/nhut/Projects/False Memory/EP 3/[Gecko] False Memory - S01E03 [BILI.WEB-DL 1080P HEVC, AAC, D-SUB][0F665D26].mkv,131
1787657900,,,/home/nhut/Projects/False Memory/EP 3/[Gecko] False Memory - S01E03 [BILI.WEB-DL 1080P HEVC, AAC, D-SUB][0F665D26].mkv,131
1787658380,75,《记忆管理局》False Memory | Trailer 2 Only Music (End Credits Song),https://www.youtube.com/watch?v=Q7rv0NBBOSQ&pp=ygUMZmFsc2UgbWVtb3J5,157
1787659096,,,/home/nhut/Projects/False Memory/EP 3/[Gecko] False Memory - S01E03 [BILI.WEB-DL 1080P HEVC, AAC, D-SUB][0F665D26].mkv,131
1787690163,,,/home/nhut/Projects/False Memory/EP 3/[Gecko] False Memory - S01E03 [BILI.WEB-DL 1080P HEVC, AAC, D-SUB][0F665D26].mkv,131
1787691660,,,/home/nhut/Projects/False Memory/EP 3/[Gecko] False Memory - S01E03 [BILI.WEB-DL 1080P HEVC, AAC, D-SUB][0F665D26].mkv,131
1787692575,,,/home/nhut/Projects/False Memory/EP 3/[Gecko] False Memory - S01E03 [BILI.WEB-DL 1080P HEVC, AAC, D-SUB][0F665D26].mkv,131
1787693103,31,[SubsWhen] False Memory - S0102,/home/nhut/Downloads/[SubsWhen] False Memory - S01E02 (WEB 1080p AVC EAC3) [613BEA24].mkv,135
1787693535,,,/home/nhut/Projects/False Memory/EP 3/[Gecko] False Memory - S01E03 [BILI.WEB-DL 1080P HEVC, AAC, D-SUB][0F665D26].mkv,131
1787694005,,,/home/nhut/Projects/False Memory/EP 3/[Gecko] False Memory - S01E03 [BILI.WEB-DL 1080P HEVC, AAC, D-SUB][0F665D26].mkv,131
1787695194,,,/home/nhut/Projects/False Memory/EP 3/False.Memory.S01E03.vie.mkv,78
1787730207,,,/home/nhut/Projects/False Memory/EP 3/[Gecko] False Memory - S01E03 [BILI.WEB-DL 1080P HEVC, AAC, D-SUB][0F665D26].mkv,131
1787731446,,,/home/nhut/Projects/False Memory/EP 3/[Gecko] False Memory - S01E03 [BILI.WEB-DL 1080P HEVC, AAC, D-SUB][0F665D26].mkv,131
1787731902,,,/home/nhut/Videos/False.Memory.S01E04.1080p.AMZN.WEB-DL.CMN.DDP2.0.H.264.MSubs-ToonsHub.mkv,104
1787739863,78,Nodusfall First Reveal Trailer: "Wield Divinity, Sever the Dreadnodus",https://www.youtube.com/watch?v=-Po_n2PrOT4,136
1787739880,78,Nodusfall First Reveal Trailer: "Wield Divinity, Sever the Dreadnodus",https://www.youtube.com/watch?v=-Po_n2PrOT4,136
1787739907,78,Nodusfall First Reveal Trailer: "Wield Divinity, Sever the Dreadnodus",https://www.youtube.com/watch?v=-Po_n2PrOT4,136
1787749181,,,/home/nhut/Videos/False.Memory.S01E06.1080p.AMZN.WEB-DL.CMN.DDP2.0.H.264.MSubs-ToonsHub.mkv,104
1787749283,,,/home/nhut/Videos/False.Memory.S01E06.1080p.AMZN.WEB-DL.CMN.DDP2.0.H.264.MSubs-ToonsHub.mkv,104
1787749502,,,/home/nhut/Projects/False Memory/EP1/False.Memory.S01E01.1080p.AMZN.WEB-DL.CMN.DDP2.0.H.264.MSubs-ToonsHub.mkv,123
1787749703,,,/home/nhut/Projects/False Memory/EP2/False.Memory.S01E02.1080p.AMZN.WEB-DL.CMN.DDP2.0.H.264.MSubs-ToonsHub.mkv,123
1787749749,,,/home/nhut/Projects/False Memory/EP 3/[Gecko] False Memory - S01E03 [BILI.WEB-DL 1080P HEVC, AAC, D-SUB][0F665D26].mkv,131
1787750436,,,/home/nhut/Projects/False Memory/EP 3/False.Memory.S01E03.vie.mkv,78
1787750470,,,/home/nhut/Projects/False Memory/EP 3/[Gecko] False Memory - S01E03 [BILI.WEB-DL 1080P HEVC, AAC, D-SUB][0F665D26].mkv,131
1787750552,,,/home/nhut/Projects/False Memory/EP1/False.Memory.S01E01.1080p.AMZN.WEB-DL.CMN.DDP2.0.H.264.MSubs-ToonsHub.mkv,123
1787751072,52,《记忆管理局》False Memory | 第7集预告！,https://www.youtube.com/watch?v=tpbIqZhVd7E&pp=ygUMZmFsc2UgbWVtb3J5,134
1787751850,,,/home/nhut/Projects/False Memory/EP1/False.Memory.S01E01.1080p.AMZN.WEB-DL.CMN.DDP2.0.H.264.MSubs-ToonsHub.mkv,123
1787751987,,,/home/nhut/Projects/False Memory/EP1/False.Memory.S01E01.1080p.AMZN.WEB-DL.CMN.DDP2.0.H.264.MSubs-ToonsHub.mkv,123
1787752751,,,/home/nhut/Videos/False.Memory.S01E05.1080p.AMZN.WEB-DL.CMN.DDP2.0.H.264.MSubs-ToonsHub.mkv,104
1787753145,,,/home/nhut/Projects/False Memory/EP 4/False.Memory.S01E04.1080p.AMZN.WEB-DL.CMN.DDP2.0.H.264.MSubs-ToonsHub.mkv,124
1787753784,,,/home/nhut/Projects/False Memory/EP 4/False.Memory.S01E04.1080p.AMZN.WEB-DL.CMN.DDP2.0.H.264.MSubs-ToonsHub.mkv,124
1787754064,,,/home/nhut/Projects/False Memory/EP 3/[Gecko] False Memory - S01E03 [BILI.WEB-DL 1080P HEVC, AAC, D-SUB][0F665D26].mkv,131
1787754184,,,/home/nhut/Videos/False.Memory.S01E05.1080p.AMZN.WEB-DL.CMN.DDP2.0.H.264.MSubs-ToonsHub.mkv,104
1787754187,,,/home/nhut/Videos/False.Memory.S01E06.1080p.AMZN.WEB-DL.CMN.DDP2.0.H.264.MSubs-ToonsHub.mkv,104
1787754576,,,/home/nhut/Videos/False.Memory.S01E06.1080p.AMZN.WEB-DL.CMN.DDP2.0.H.264.MSubs-ToonsHub.mkv,104
1787755174,,,/home/nhut/Videos/False.Memory.S01E06.1080p.AMZN.WEB-DL.CMN.DDP2.0.H.264.MSubs-ToonsHub.mkv,104
1787783348,,,/home/nhut/Videos/False.Memory.S01E05.1080p.AMZN.WEB-DL.CMN.DDP2.0.H.264.MSubs-ToonsHub.mkv,104
1787783675,32,[SubsWhen] False Memory - S01E01,/home/nhut/Videos/[SubsWhen] False Memory - S01E01 (WEB 1080p AVC EAC3) [73EDCE5E].mkv,133
1787809885,,,/home/nhut/Videos/Recordings/recording_20260827_125043.mp4,71
1787823148,,,/home/nhut/Projects/False Memory/EP2/False.Memory.S01E02.1080p.AMZN.WEB-DL.CMN.DDP2.0.H.264.MSubs-ToonsHub.mkv,123
1787830206,35,Lần này anh ấy lại làm gì?,https://www.youtube.com/watch?v=6HQBLzZKio0,93
1787830311,65,CHUỘT GAMING PHÁP SƯ CÓ ĐANG HỦY DIỆT CÁC HÃNG LỚN?,https://www.youtube.com/watch?v=k22bWB5Nnx4&pp=ugUEEgJ2aQ%3D%3D,143
1787835812,,,/home/nhut/Projects/False Memory/EP 4/False.Memory.S01E04.1080p.BSITE.WEB-DL.ZHO.AAC2.0.H.264.MSubs-ToonsHub.mkv,125
1787891692,,,/home/nhut/Projects/False Memory/EP 4/False.Memory.S01E04.1080p.BSITE.WEB-DL.ZHO.AAC2.0.H.264.MSubs-ToonsHub.mkv,125
1787892534,,,/home/nhut/Projects/False Memory/EP 4/False.Memory.S01E04.1080p.AMZN.WEB-DL.CMN.DDP2.0.H.264.MSubs-ToonsHub.mkv,124
1787892587,,,/home/nhut/Projects/False Memory/EP 4/False.Memory.S01E04.1080p.AMZN.WEB-DL.CMN.DDP2.0.H.264.MSubs-ToonsHub.mkv,124
1787897002,,,/home/nhut/Projects/False Memory/EP 4/False.Memory.S01E04.1080p.AMZN.WEB-DL.CMN.DDP2.0.H.264.MSubs-ToonsHub.mkv,124
1787897003,,,/home/nhut/Projects/False Memory/EP 4/False.Memory.S01E04.1080p.BSITE.WEB-DL.ZHO.AAC2.0.H.264.MSubs-ToonsHub.mkv,125
1787901822,,,/home/nhut/Projects/False Memory/EP 4/False.Memory.S01E04.1080p.AMZN.WEB-DL.CMN.DDP2.0.H.264.MSubs-ToonsHub.mkv,124
1787903130,,,/home/nhut/Projects/False Memory/EP 4/False.Memory.S01E04.1080p.AMZN.WEB-DL.CMN.DDP2.0.H.264.MSubs-ToonsHub.mkv,124
1787904416,,,/home/nhut/Projects/False Memory/EP 4/False.Memory.S01E04.1080p.AMZN.WEB-DL.CMN.DDP2.0.H.264.MSubs-ToonsHub.mkv,124
1787904418,,,/home/nhut/Projects/False Memory/EP 4/False.Memory.S01E04.1080p.BSITE.WEB-DL.ZHO.AAC2.0.H.264.MSubs-ToonsHub.mkv,125
1787904423,,,/home/nhut/Projects/False Memory/EP 4/False.Memory.S01E04.1080p.AMZN.WEB-DL.CMN.DDP2.0.H.264.MSubs-ToonsHub.mkv,124
1787904532,,,/home/nhut/Projects/False Memory/EP 4/False.Memory.S01E04.1080p.AMZN.WEB-DL.CMN.DDP2.0.H.264.MSubs-ToonsHub.mkv,124
1787905221,,,/home/nhut/Projects/False Memory/EP 4/False.Memory.S01E04.vie.mkv,78
1787909539,,,/home/nhut/Downloads/False.Memory.S01E04.Fantang.mkv,65
1787916928,32,[SubsWhen] False Memory - S01E01,/home/nhut/Videos/[SubsWhen] False Memory - S01E01 (WEB 1080p AVC EAC3) [73EDCE5E].mkv,133
1787922312,32,[SubsWhen] False Memory - S01E01,/home/nhut/Videos/[SubsWhen] False Memory - S01E01 (WEB 1080p AVC EAC3) [73EDCE5E].mkv,133
1787922473,31,[SubsWhen] False Memory - S0102,/home/nhut/Videos/[SubsWhen] False Memory - S01E02 (WEB 1080p AVC EAC3) [613BEA24].mkv,132
1787976417,45,Trailer nhân vật: Hinao -《KAGURABACHI》,https://www.youtube.com/watch?v=b2UxT4JydJ0,103
1787976543,46,TOÀN BỘ PHIM VIỆT chiếu rạp dịp 2/9,https://www.youtube.com/watch?v=FEhLXCMXWUk&pp=ugUEEgJ2aQ%3D%3D,124
1787981517,52,《记忆管理局》False Memory | 第7集预告！,https://www.youtube.com/watch?v=tpbIqZhVd7E,110
1787982101,57,《记忆管理局》概念PV音乐 (False Memory PV OST),https://www.youtube.com/watch?v=yTxllp4vBxA&pp=ygUQZmFsc2UgbWVtb3J5IG9zdA%3D%3D,151
1787982726,,,/home/nhut/Projects/False Memory/EP 5/False.Memory.S01E05.1080p.AMZN.WEB-DL.CMN.DDP2.0.H.264.MSubs-ToonsHub.mkv,124
1787983274,82,《记忆管理局》False Memory |《记忆管理局》完整版ED正式公开！,https://www.youtube.com/watch?v=Jd1NQ8NDtkA&pp=ygUQZmFsc2UgbWVtb3J5IG9zdA%3D%3D,176
1788008422,,,/home/nhut/Projects/False Memory/EP 5/False.Memory.S01E05.1080p.AMZN.WEB-DL.CMN.DDP2.0.H.264.MSubs-ToonsHub.mkv,124
1788010856,,,/home/nhut/Projects/False Memory/EP 5/False.Memory.S01E05.1080p.BSITE.WEB-DL.ZHO.AAC2.0.H.264.MSubs-ToonsHub.mkv,125
1788015816,,,/home/nhut/Projects/False Memory/EP2/False.Memory.S01E02.1080p.AMZN.WEB-DL.CMN.DDP2.0.H.264.MSubs-ToonsHub.mkv,123
1788053585,49,Kamen Rider ZEZTZ × MY-TH | A New Chapter Begins,https://www.youtube.com/watch?v=b45t5mfMQLg,107
1788053702,71,Hóng Drama#3: Nờ ô Nô bị tương tác và Văn hoá đi bão....,https://www.youtube.com/watch?v=OmUNqMFYCLw&pp=ugUEEgJ2aQ%3D%3D,149
1788053955,47,Hộ Linh Tráng Sĩ – Điện Ảnh Hạng C,https://www.youtube.com/watch?v=vA4OP-OlO3o&t=87s,111
1788054536,71,Hóng Drama#3: Nờ ô Nô bị tương tác và Văn hoá đi bão....,https://www.youtube.com/watch?v=OmUNqMFYCLw&t=144s&pp=ygUDYWNu0gcJCRMMAYcqIYzv,164
1788054749,46,SPIDER-MAN: BRAND NEW DAY – New Trailer (4K),https://www.youtube.com/watch?v=62bIsvRcPv0&pp=ygUgc3BpZGVyIG1hbiBicmFuZCBuZXcgZGF5IHRyYWlsZXLSBwkJEwwBhyohjO8%3D,174
1788054761,51,SPIDER-MAN: BRAND NEW DAY – Official Trailer (HD),https://www.youtube.com/watch?v=8TZMtslA3UY&pp=ygUgc3BpZGVyIG1hbiBicmFuZCBuZXcgZGF5IHRyYWlsZXI%3D,163
1788054971,82,《记忆管理局》False Memory |《记忆管理局》完整版ED正式公开！,https://www.youtube.com/watch?v=Jd1NQ8NDtkA,140
1788055627,106,【崩壊：スターレイル】ロビン・夏空の歌 キャラクターPV 「風を追いかけて」,https://www.youtube.com/watch?v=882FHoKwZVk&pp=ygUJaHNyIGpwIHB20gcJCRMMAYcqIYzv,201
1788055647,106,【崩壊：スターレイル】ロビン・夏空の歌 キャラクターPV 「風を追いかけて」,https://www.youtube.com/watch?v=882FHoKwZVk&pp=ygUJaHNyIGpwIHB20gcJCRMMAYcqIYzv,201
1788055697,106,【崩壊：スターレイル】ロビン・夏空の歌 キャラクターPV 「風を追いかけて」,https://www.youtube.com/watch?v=882FHoKwZVk&pp=ygUJaHNyIGpwIHB20gcJCRMMAYcqIYzv,201
1788055954,,,/home/nhut/Videos/False.Memory.S01E06.1080p.AMZN.WEB-DL.CMN.DDP2.0.H.264.MSubs-ToonsHub.mkv,104
1788061560,,,/home/nhut/Projects/False Memory/EP 5/False.Memory.S01E05.1080p.AMZN.WEB-DL.CMN.DDP2.0.H.264.MSubs-ToonsHub.mkv,124
1788061600,,,/home/nhut/Projects/False Memory/EP 5/False.Memory.S01E05.1080p.AMZN.WEB-DL.CMN.DDP2.0.H.264.MSubs-ToonsHub.mkv,124
1788062513,,,/home/nhut/Projects/False Memory/EP 5/False.Memory.S01E05.1080p.AMZN.WEB-DL.CMN.DDP2.0.H.264.MSubs-ToonsHub.mkv,124
1788063913,,,/home/nhut/Downloads/False.Memory.S01E07.1080p.AMZN.WEB-DL.YUE.DDP2.0.H.264.MSubs-ToonsHub.mkv,107
1788064133,,,/home/nhut/Downloads/False.Memory.S01E07.1080p.AMZN.WEB-DL.YUE.DDP2.0.H.264.MSubs-ToonsHub.mkv,107
1788066980,,,/home/nhut/Downloads/HO8eCm6aMAAXg_x.jpeg,54
1788066980,,,/home/nhut/Downloads/HP_-ggdbsAAr3w_.jpg,53
1788066981,,,/home/nhut/Downloads/image209.png,46
1788066981,,,/home/nhut/Downloads/image214.png,46
1788066981,,,/home/nhut/Downloads/image264.png,46
1788066981,,,/home/nhut/Downloads/image450.png,46
1788066981,,,/home/nhut/Downloads/IMG_20260218_093449.jpg,57
1788067136,,,/home/nhut/Downloads/False.Memory.S01E07.1080p.AMZN.WEB-DL.YUE.DDP2.0.H.264.MSubs-ToonsHub.mkv,107
1788068108,,,/home/nhut/Downloads/False.Memory.S01E07.1080p.AMZN.WEB-DL.YUE.DDP2.0.H.264.MSubs-ToonsHub.mkv,107
1788090033,116,Những từ vựng rác rưởi mà phim và truyện Trung Quốc đem đến cho tiếng Việt | Noong’s World,https://www.youtube.com/watch?v=6xW3BvtunN8&pp=ugUEEgJ2aQ%3D%3D,195
1788090868,71,Hóng Drama#3: Nờ ô Nô bị tương tác và Văn hoá đi bão....,https://www.youtube.com/watch?v=OmUNqMFYCLw&t=144s,136
1788091311,56,Anh Duy - F.T.A feat. Kasane Teto | OFFICIAL MUSIC VIDEO,https://www.youtube.com/watch?v=aZw7x8pDCag,114
1788091614,86,《记忆管理局》False Memory |《记忆管理局》EP07完整版ED正式公开！,https://www.youtube.com/watch?v=0PrvQ0P19pY,144
1788092555,55,ITADORI vs SUKUNA | Jujutsu Kaisen x Une vie à peindre,https://www.youtube.com/watch?v=dfgAJitlPPQ,113
1788092571,77,Một Phép Tính Có Thể Dự Đoán Ngày Tận Thế - Doomsday Argument,https://www.youtube.com/watch?v=pyUlDqF1A-Y&pp=0gcJCRMMAYcqIYzv,155
1788094454,,,/home/nhut/Projects/False Memory/EP 4/False.Memory.S01E04.1080p.AMZN.WEB-DL.CMN.DDP2.0.H.264.MSubs-ToonsHub.mkv,124
1788098558,125,Tái hiện trận chiến công thành KHỐC LIỆT nhất dẹp loạn 12 SỨ QUÂN trong phim Hộ Linh Tráng Sĩ,https://www.youtube.com/watch?v=XghGZOccEiE,184
1788098619,125,Tái hiện trận chiến công thành KHỐC LIỆT nhất dẹp loạn 12 SỨ QUÂN trong phim Hộ Linh Tráng Sĩ,https://www.youtube.com/watch?v=XghGZOccEiE,184
1788163371,123,HỘ LINH TRÁNG SĨ - BÍ ẨN MỘ VUA ĐINH | TRAILER PHIÊN BẢN RÚT GỌN | Khởi chiếu 28/08 - Quốc Khánh 2/9,https://www.youtube.com/watch?v=n7ssF8XsHQ4,182
1788163424,123,HỘ LINH TRÁNG SĨ - BÍ ẨN MỘ VUA ĐINH | TRAILER PHIÊN BẢN RÚT GỌN | Khởi chiếu 28/08 - Quốc Khánh 2/9,https://www.youtube.com/watch?v=n7ssF8XsHQ4,182
1788164713,,,/home/nhut/Downloads/False.Memory.S01.1080p.AMZN.WEB-DL.CMN.DDP2.0.H.264.MSubs-ToonsHub/False.Memory.S01E07.1080p.AMZN.WEB-DL.CMN.DDP2.0.H.264.MSubs-ToonsHub.mkv,174
1788166155,,,/home/nhut/Videos/False.Memory.S01.1080p.AMZN.WEB-DL.CMN.DDP2.0.H.264.MSubs-ToonsHub/False.Memory.S01E07.1080p.AMZN.WEB-DL.CMN.DDP2.0.H.264.MSubs-ToonsHub.mkv,171
1788173804,,,/home/nhut/Downloads/false ost 2999.mkv,52
1788173841,,,/home/nhut/Downloads/HO8eCm6aMAAXg_x.jpeg,54
1788173841,,,/home/nhut/Downloads/HP_-ggdbsAAr3w_.jpg,53
1788173841,,,/home/nhut/Downloads/image209.png,46
1788173842,,,/home/nhut/Downloads/image214.png,46
1788173842,,,/home/nhut/Downloads/image264.png,46
1788173842,,,/home/nhut/Downloads/image450.png,46
1788173842,,,/home/nhut/Downloads/IMG_20260218_093449.jpg,57
1788173842,,,/home/nhut/Downloads/IMG_20260218_093558.jpg,57
1788173842,,,/home/nhut/Downloads/IMG_20260218_093614.jpg,57
1788173867,,,/home/nhut/Videos/False.Memory.S01.1080p.AMZN.WEB-DL.CMN.DDP2.0.H.264.MSubs-ToonsHub/False.Memory.S01E07.1080p.AMZN.WEB-DL.CMN.DDP2.0.H.264.MSubs-ToonsHub.mkv,171
1788174145,,,/home/nhut/Videos/False.Memory.S01.1080p.AMZN.WEB-DL.CMN.DDP2.0.H.264.MSubs-ToonsHub/False.Memory.S01E07.1080p.AMZN.WEB-DL.CMN.DDP2.0.H.264.MSubs-ToonsHub.mkv,171
1788174199,,,/home/nhut/Projects/False Memory/EP 7/False.Memory.S01E07.1080p.AMZN.WEB-DL.CMN.DDP2.0.H.264.MSubs-ToonsHub.mkv,124
1788176319,,,/home/nhut/Projects/False Memory/EP 7/False.Memory.S01E07.1080p.AMZN.WEB-DL.CMN.DDP2.0.H.264.MSubs-ToonsHub.mkv,124
1788177717,,,/home/nhut/Downloads/false ost 2999.mkv,52
1788184534,,,/home/nhut/Videos/highlightEP7-sub.mkv,51
1788184699,,,/home/nhut/Videos/highlightep7.mp4,47
1788186857,,,/home/nhut/Videos/highlightep7.mp4,47
1788186900,,,/home/nhut/Videos/False.Memory.S01.1080p.AMZN.WEB-DL.CMN.DDP2.0.H.264.MSubs-ToonsHub/False.Memory.S01E05.1080p.AMZN.WEB-DL.CMN.DDP2.0.H.264.MSubs-ToonsHub.mkv,171
1788187299,,,/home/nhut/Videos/False.Memory.S01.1080p.AMZN.WEB-DL.CMN.DDP2.0.H.264.MSubs-ToonsHub/False.Memory.S01E02.1080p.AMZN.WEB-DL.CMN.DDP2.0.H.264.MSubs-ToonsHub.mkv,171
1788229467,42,EP07M08 银河铁道2999 FALSE MEMORY ver.,/home/nhut/Music/《记忆管理局》（2026）原声带 - False Memory (2026) Original Soundtrack/Disc 2/40. EP07M08 银河铁道2999 FALSE MEMORY ver.flac,214
1788230617,,,/home/nhut/Projects/False Memory/EP 7/False.Memory.S01E07.1080p.AMZN.WEB-DL.CMN.DDP2.0.H.264.MSubs-ToonsHub.mkv,124
1788230737,,,/home/nhut/Projects/False Memory/EP2/False.Memory.S01E02.1080p.AMZN.WEB-DL.CMN.DDP2.0.H.264.MSubs-ToonsHub.mkv,123
1788230895,,,/home/nhut/Projects/False Memory/EP2/False.Memory.S01E02.1080p.AMZN.WEB-DL.CMN.DDP2.0.H.264.MSubs-ToonsHub.mkv,123
1788230927,,,/home/nhut/Projects/False Memory/EP2/False.Memory.S01E02.1080p.AMZN.WEB-DL.CMN.DDP2.0.H.264.MSubs-ToonsHub.mkv,123
1788231339,,,/home/nhut/Projects/False Memory/EP2/False.Memory.S01E02.1080p.AMZN.WEB-DL.CMN.DDP2.0.H.264.MSubs-ToonsHub.mkv,123
1788231438,,,/home/nhut/Projects/False Memory/EP2/False.Memory.S01E02.1080p.AMZN.WEB-DL.CMN.DDP2.0.H.264.MSubs-ToonsHub.mkv,123
1788231777,,,/home/nhut/Videos/False.Memory.S01.1080p.AMZN.WEB-DL.CMN.DDP2.0.H.264.MSubs-ToonsHub/False.Memory.S01E01.1080p.AMZN.WEB-DL.CMN.DDP2.0.H.264.MSubs-ToonsHub.mkv,171
1788231786,,,/home/nhut/Videos/False.Memory.S01.1080p.AMZN.WEB-DL.CMN.DDP2.0.H.264.MSubs-ToonsHub/False.Memory.S01E03.1080p.AMZN.WEB-DL.CMN.DDP2.0.H.264.MSubs-ToonsHub.mkv,171
1788231834,82,《记忆管理局》False Memory |《记忆管理局》完整版ED正式公开！,https://www.youtube.com/watch?v=Jd1NQ8NDtkA&pp=ygUMZmFsc2UgbWVtb3J5,164
1788236522,79,Cách phân biệt tư tưởng đáng phê phán và tư tưởng khác biệt,https://www.youtube.com/watch?v=0uswAIfffoQ,137
1788252320,,,http://localhost:8000/webtorrent/6b5c3b53718252b309ae7e1a566c3fb0d0d81077/Mushoku.Tensei.Jobless.Reincarnation.S03E10.1080p.NF.WEB-DL.JPN.AAC2.0.H.264.MSubs-ToonsHub.mkv,182
1788254996,,,/home/nhut/Projects/False Memory/EP 5/False.Memory.S01E05.1080p.AMZN.WEB-DL.CMN.DDP2.0.H.264.MSubs-ToonsHub.mkv,124
1788255015,,,/home/nhut/Projects/False Memory/EP 5/False.Memory.S01E05.1080p.AMZN.WEB-DL.CMN.DDP2.0.H.264.MSubs-ToonsHub.mkv,124
1788262700,,,/home/nhut/Projects/False Memory/EP 5/False.Memory.S01E05.1080p.AMZN.WEB-DL.CMN.DDP2.0.H.264.MSubs-ToonsHub.mkv,124
1788308548,51,Ryoku Arch | Rashin, built in ai support for linux.,https://www.youtube.com/watch?v=MC5CSnRA7MU,109
1788315176,,,/home/nhut/Projects/False Memory/EP 5/False.Memory.S01E05.1080p.AMZN.WEB-DL.CMN.DDP2.0.H.264.MSubs-ToonsHub.mkv,124
1788317137,,,/home/nhut/Projects/False Memory/EP 5/False.Memory.S01E05.1080p.AMZN.WEB-DL.CMN.DDP2.0.H.264.MSubs-ToonsHub.mkv,124
1788320077,,,/home/nhut/Projects/False Memory/EP 5/False.Memory.S01E05.1080p.AMZN.WEB-DL.CMN.DDP2.0.H.264.MSubs-ToonsHub.mkv,124
1788325318,,,/home/nhut/Projects/False Memory/EP 5/False.Memory.S01E05.1080p.AMZN.WEB-DL.CMN.DDP2.0.H.264.MSubs-ToonsHub.mkv,124
1788343130,,,/home/nhut/Videos/False.Memory.S01.1080p.AMZN.WEB-DL.CMN.DDP2.0.H.264.MSubs-ToonsHub/False.Memory.S01E03.1080p.AMZN.WEB-DL.CMN.DDP2.0.H.264.MSubs-ToonsHub.mkv,171
1788343436,,,/home/nhut/Projects/False Memory/EP 5/False.Memory.S01E05.1080p.AMZN.WEB-DL.CMN.DDP2.0.H.264.MSubs-ToonsHub.mkv,124
1788352866,,,/home/nhut/Projects/False Memory/EP 5/False.Memory.S01E05.1080p.AMZN.WEB-DL.CMN.DDP2.0.H.264.MSubs-ToonsHub.mkv,124
1788355079,,,/home/nhut/Projects/False Memory/EP 5/False.Memory.S01E05.1080p.AMZN.WEB-DL.CMN.DDP2.0.H.264.MSubs-ToonsHub.mkv,124
1788355170,,,/home/nhut/Projects/False Memory/EP 5/False.Memory.S01E05.1080p.AMZN.WEB-DL.CMN.DDP2.0.H.264.MSubs-ToonsHub.mkv,124
1788355214,,,/home/nhut/Projects/False Memory/EP 5/False.Memory.S01E05.1080p.AMZN.WEB-DL.CMN.DDP2.0.H.264.MSubs-ToonsHub.mkv,124
1788357089,,,/home/nhut/Projects/False Memory/EP 5/False.Memory.S01E05.1080p.AMZN.WEB-DL.CMN.DDP2.0.H.264.MSubs-ToonsHub.mkv,124
1788357118,,,/home/nhut/Projects/False Memory/EP 5/False.Memory.S01E05.1080p.AMZN.WEB-DL.CMN.DDP2.0.H.264.MSubs-ToonsHub.mkv,124
1788357147,,,/home/nhut/Projects/False Memory/EP 5/False.Memory.S01E05.1080p.AMZN.WEB-DL.CMN.DDP2.0.H.264.MSubs-ToonsHub.mkv,124
1788361058,,,/home/nhut/Projects/False Memory/EP 5/False.Memory.S01E05.1080p.AMZN.WEB-DL.CMN.DDP2.0.H.264.MSubs-ToonsHub.mkv,124
1788361058,,,/home/nhut/Projects/False Memory/EP 5/False.Memory.S01E05.1080p.AMZN.WEB-DL.CMN.DDP2.0.H.264.MSubs-ToonsHub.mkv,124
1788361189,,,/home/nhut/Projects/False Memory/EP 5/False.Memory.S01E05.1080p.AMZN.WEB-DL.CMN.DDP2.0.H.264.MSubs-ToonsHub.mkv,124
1788362353,,,/home/nhut/Projects/False Memory/EP 5/False.Memory.S01E05.vie.mkv,78
1788431909,,,/home/nhut/Projects/False Memory/EP1/False.Memory.S01E01.1080p.AMZN.WEB-DL.CMN.DDP2.0.H.264.MSubs-ToonsHub.mkv,123
1788431985,,,/home/nhut/Projects/False Memory/EP 7/False.Memory.S01E07.1080p.AMZN.WEB-DL.CMN.DDP2.0.H.264.MSubs-ToonsHub.mkv,124
1788432128,,,/home/nhut/Projects/False Memory/EP 5/False.Memory.S01E05.vie.mkv,78
1788436018,,,/home/nhut/Projects/False Memory/EP 5/False.Memory.S01E05.1080p.AMZN.WEB-DL.CMN.DDP2.0.H.264.MSubs-ToonsHub.mkv,124
1788440232,,,/home/nhut/Projects/False Memory/EP 5/False.Memory.S01E05.vie.mkv,78
1788440470,,,/home/nhut/Projects/False Memory/EP 5/False.Memory.S01E05.1080p.AMZN.WEB-DL.CMN.DDP2.0.H.264.MSubs-ToonsHub.mkv,124
1788440594,,,/home/nhut/Projects/False Memory/EP 5/False.Memory.S01E05.vie.mkv,78
1788440594,,,/home/nhut/Projects/False Memory/EP 5/False.Memory.S01E05.vie.mkv,78
1788440938,,,/home/nhut/Projects/False Memory/EP 5/False.Memory.S01E05.vie.mkv,78
1788441254,,,https://addon.vnstream.io.vn/stream/hls/3/20241030/l25inu7G/index.m3u8,83
1788524053,35,YouTube Việt Nam có vấn đề.,https://www.youtube.com/watch?v=XxqbH6TNbto,93
1788524617,64,Lần đầu tiên Đức được nhắc tên trong video drama,https://www.youtube.com/watch?v=tf0el4Wymk0,122
1788526599,39,still feel ur pain // shoegaze dreampop,https://www.youtube.com/watch?v=npfXD2V71mY,97
1788531946,54,Tiếp tục chơi Ộ I U A [Part 2] 2026-09-04 21:25,https://www.youtube.com/watch?v=jzXuVHPu3rw,112
1788532071,54,Tiếp tục chơi Ộ I U A [Part 2] 2026-09-04 21:27,https://www.youtube.com/watch?v=jzXuVHPu3rw,112
1788532152,54,Tiếp tục chơi Ộ I U A [Part 2] 2026-09-04 21:27,https://www.youtube.com/watch?v=jzXuVHPu3rw,112
1788532180,54,Tiếp tục chơi Ộ I U A [Part 2] 2026-09-04 21:27,https://www.youtube.com/watch?v=jzXuVHPu3rw,112
1788532811,54,Tiếp tục chơi Ộ I U A [Part 2] 2026-09-04 21:40,https://www.youtube.com/watch?v=jzXuVHPu3rw,112
1788533445,54,Tiếp tục chơi Ộ I U A [Part 2] 2026-09-04 21:50,https://www.youtube.com/watch?v=jzXuVHPu3rw,112
1788608898,37,Lanterns | Official Trailer | HBO Max,https://www.youtube.com/watch?v=7UIBOsuUwc4&pp=ygUIbGFudGVybnM%3D,117
1788609872,,,http://localhost:8000/webtorrent/18ba9c39b70783930671ad9a01300ffc88e557a0/Lanterns.2026.S01E01.1080p.HEVC.x265-MeGusta[EZTVx.to].mkv,145
1788610415,87,ĐI TÌM BROWSER ĐỈNH NHẤT, BẠN CÓ THỂ ĐANG SỬ DỤNG SAI TRÌNH DUYỆT ?,https://www.youtube.com/watch?v=QFh18l6RjHU&t=3s,150
1788616461,,,/home/nhut/Projects/False Memory/EP 5/False.Memory.S01E05.1080p.AMZN.WEB-DL.CMN.DDP2.0.H.264.MSubs-ToonsHub.mkv,124
1788616617,,,/home/nhut/Projects/False Memory/EP 5/False.Memory.S01E05.1080p.AMZN.WEB-DL.CMN.DDP2.0.H.264.MSubs-ToonsHub.mkv,124
1788616721,,,/home/nhut/Projects/False Memory/EP 5/False.Memory.S01E05.1080p.AMZN.WEB-DL.CMN.DDP2.0.H.264.MSubs-ToonsHub.mkv,124
1788617542,127,夏空メドレー：Tell Your World × ただ風を追いかけて / 初音ミク＆ロビン【崩壊：スターレイル】,https://www.youtube.com/watch?v=cOr-TUxo8Kw,186
1788618396,,,http://localhost:8000/webtorrent/e4d7154a249b00a9c9a21da9caff8f586b1b0dc5/Lanterns.2026.S01E02.1080p.HEVC.x265-MeGusta[EZTVx.to].mkv,145
1788621723,,,http://localhost:8000/webtorrent/7b2b2b9e5bfd1df70c2e2de686ee8ff4a975578b/Lanterns.2026.S01E03.1080p.HEVC.x265-MeGusta[EZTVx.to].mkv,145
1788665478,83,Tính đơn điệu của hàm số (phần Khái niệm) | Toán lớp 12 | OLM.VN,https://www.youtube.com/watch?v=w0KfXKJdc5Y,141
1788688143,39,Honkai: Star Rail không còn vui nữa,https://www.youtube.com/watch?v=5gLxgKRtMGM&pp=ygUJbMOqIGLDoWNo,117
1788689327,,,/home/nhut/Projects/False Memory/EP 5/False.Memory.S01E05.1080p.AMZN.WEB-DL.CMN.DDP2.0.H.264.MSubs-ToonsHub.mkv,124
1788692379,,,http://127.0.0.1:11470/906d68cef12383e351dc4fdd5c1f17fb4676ee6e/0?,79
1788693185,,,http://localhost:8000/webtorrent/3a2d64b75ddc2d9dc867bd4cd0213f8a42da1852/[MiniMTBB]%20Steins;Gate%200%20S1%20(BD%201080p)/[MiniMTBB]%20Steins;Gate%200%20-%2001%20(BD%201080p)%20[BC95C630].mkv,205
1788695198,,,/home/nhut/Downloads/[MiniMTBB] Steins;Gate 0 S1 (BD 1080p)/[MiniMTBB] Steins;Gate 0 - 02 (BD 1080p) [2D9B456B].mkv,128
1788695282,,,/home/nhut/Downloads/[MiniMTBB] Steins;Gate 0 S1 (BD 1080p)/[MiniMTBB] Steins;Gate 0 - 02 (BD 1080p) [2D9B456B].mkv,128
1788695320,,,/home/nhut/Downloads/[MiniMTBB] Steins;Gate 0 S1 (BD 1080p)/[MiniMTBB] Steins;Gate 0 - 02 (BD 1080p) [2D9B456B].mkv,128
1788696704,,,/home/nhut/Downloads/[MiniMTBB] Steins;Gate 0 S1 (BD 1080p)/[MiniMTBB] Steins;Gate 0 - 03 (BD 1080p) [3D826883].mkv,128
1788698146,,,/home/nhut/Downloads/[MiniMTBB] Steins;Gate 0 S1 (BD 1080p)/[MiniMTBB] Steins;Gate 0 - 03 (BD 1080p) [3D826883].mkv,128
1788698151,,,/home/nhut/Downloads/[MiniMTBB] Steins;Gate 0 S1 (BD 1080p)/[MiniMTBB] Steins;Gate 0 - 04 (BD 1080p) [404E27A7].mkv,128
1788700089,,,/home/nhut/Downloads/[MiniMTBB] Steins;Gate 0 S1 (BD 1080p)/[MiniMTBB] Steins;Gate 0 - 05 (BD 1080p) [A3596131].mkv,128
1788701432,,,/home/nhut/Downloads/[MiniMTBB] Steins;Gate 0 S1 (BD 1080p)/[MiniMTBB] Steins;Gate 0 - 06 (BD 1080p) [23D01B94].mkv,128
1788790178,,,/home/nhut/Videos/[MiniMTBB] Steins;Gate 0 S1 (BD 1080p)/[MiniMTBB] Steins;Gate 0 - 05 (BD 1080p) [A3596131].mkv,125
1788790186,,,/home/nhut/Videos/[MiniMTBB] Steins;Gate 0 S1 (BD 1080p)/[MiniMTBB] Steins;Gate 0 - 06 (BD 1080p) [23D01B94].mkv,125
1788791558,,,/home/nhut/Videos/[MiniMTBB] Steins;Gate 0 S1 (BD 1080p)/[MiniMTBB] Steins;Gate 0 - 07 (BD 1080p) [04B491B4].mkv,125
1788793053,53,Steins;Gate Anime - Opening 1 (Eng, Jap, Romaji subs),https://www.youtube.com/watch?v=1FPdtR_5KFo&pp=ygUKc3RlaW4gZ2F0ZQ%3D%3D,139
1788793074,53,Steins;Gate Anime - Opening 1 (Eng, Jap, Romaji subs),https://www.youtube.com/watch?v=1FPdtR_5KFo&pp=ygUKc3RlaW4gZ2F0ZQ%3D%3D,139
1788873535,85,mill - '안개 속 등불 (Light in the Mist)' Music Video,https://www.youtube.com/watch?v=Hsb_SKYVsdU,143
1788953110,35,「MAPPA EXPO 15th Anniversary」CM,https://www.youtube.com/watch?v=BFNSnek1v0Y&pp=0gcJCf4LAYcqIYzv,113
1788957143,104,Preview Tập 82 - Re:Zero - Bắt đầu lại từ con số 0 tại thế giới khác S4 [Việt sub],https://www.youtube.com/watch?v=4ddSMTtwkdE,163
1789031838,,,/home/nhut/Projects/dtot/public/file.svg,53
1789031839,,,/home/nhut/Projects/dtot/public/globe.svg,54
1789031839,,,/home/nhut/Projects/dtot/public/next.svg,53
1789031839,,,/home/nhut/Projects/dtot/public/vercel.svg,55
1789031839,,,/home/nhut/Projects/dtot/public/window.svg,55
1789123093,,,/home/nhut/Downloads/《记忆管理局》正式pv⧸ False Memory PV [XzIfoPPwbU8].flac,101
1789123126,,,/home/nhut/Downloads/falsepost/false1.png,54
1789123127,,,/home/nhut/Downloads/falsepost/false2.png,54
1789123127,,,/home/nhut/Downloads/falsepost/false3.png,54
1789123128,,,/home/nhut/Downloads/falsepost/false4.png,54
1789123128,,,/home/nhut/Downloads/falsepost/false5.png,54
1789123134,,,/home/nhut/Downloads/《记忆管理局》False Memory ｜ Official Trailer (August 2 Premiere) [yfz2c9LE6ew].flac,127
1789132624,71,Cách các công ty bán kì nghỉ hoạt động? | CHỮA LÀNH #122,https://www.youtube.com/watch?v=DGfOcs_cOyQ,129
1789132651,77,Ranh Giới Giữa HỌC TẬP Và ĐẠO NHÁI Của Ngành Game | NODUSFALL,https://www.youtube.com/watch?v=yUnmZJeanKE,135
1789218914,,,/home/nhut/Videos/False.Memory.S01.1080p.AMZN.WEB-DL.CMN.DDP2.0.H.264.MSubs-ToonsHub/False.Memory.S01E03.1080p.AMZN.WEB-DL.CMN.DDP2.0.H.264.MSubs-ToonsHub.mkv,171
1789223201,,,/home/nhut/Videos/False.Memory.S01.1080p.AMZN.WEB-DL.CMN.DDP2.0.H.264.MSubs-ToonsHub/False.Memory.S01E03.1080p.AMZN.WEB-DL.CMN.DDP2.0.H.264.MSubs-ToonsHub.mkv,171
1789223205,,,/home/nhut/Videos/False.Memory.S01.1080p.AMZN.WEB-DL.CMN.DDP2.0.H.264.MSubs-ToonsHub/False.Memory.S01E06.1080p.AMZN.WEB-DL.CMN.DDP2.0.H.264.MSubs-ToonsHub.mkv,171
1789223409,,,/home/nhut/Projects/False Memory/EP 5/False.Memory.S01E05.vie.mkv,78
1789223412,,,/home/nhut/Projects/False Memory/EP 5/False.Memory.S01E05.1080p.AMZN.WEB-DL.CMN.DDP2.0.H.264.MSubs-ToonsHub.mkv,124
1789223439,,,/home/nhut/Videos/False.Memory.S01.1080p.AMZN.WEB-DL.CMN.DDP2.0.H.264.MSubs-ToonsHub/False.Memory.S01E06.1080p.AMZN.WEB-DL.CMN.DDP2.0.H.264.MSubs-ToonsHub.mkv,171
1789223446,,,/home/nhut/Projects/False Memory/EP 5/False.Memory.S01E05.vie.mkv,78
1789223449,,,/home/nhut/Projects/False Memory/EP 5/False.Memory.S01E05.1080p.AMZN.WEB-DL.CMN.DDP2.0.H.264.MSubs-ToonsHub.mkv,124
1789224621,,,/home/nhut/Videos/False.Memory.S01.1080p.AMZN.WEB-DL.CMN.DDP2.0.H.264.MSubs-ToonsHub/False.Memory.S01E03.1080p.AMZN.WEB-DL.CMN.DDP2.0.H.264.MSubs-ToonsHub.mkv,171
1789224672,,,/home/nhut/Videos/False.Memory.S01.1080p.AMZN.WEB-DL.CMN.DDP2.0.H.264.MSubs-ToonsHub/False.Memory.S01E03.1080p.AMZN.WEB-DL.CMN.DDP2.0.H.264.MSubs-ToonsHub.mkv,171
1789224795,,,/home/nhut/Videos/False.Memory.S01.1080p.AMZN.WEB-DL.CMN.DDP2.0.H.264.MSubs-ToonsHub/False.Memory.S01E03.1080p.AMZN.WEB-DL.CMN.DDP2.0.H.264.MSubs-ToonsHub.mkv,171
1789225433,,,/home/nhut/Videos/False.Memory.S01.1080p.AMZN.WEB-DL.CMN.DDP2.0.H.264.MSubs-ToonsHub/False.Memory.S01E04.1080p.AMZN.WEB-DL.CMN.DDP2.0.H.264.MSubs-ToonsHub.mkv,171
1789372161,,,/home/nhut/Projects/False Memory/EP 5/False.Memory.S01E05.1080p.AMZN.WEB-DL.CMN.DDP2.0.H.264.MSubs-ToonsHub.mkv,124
1789384360,,,/home/nhut/Videos/False.Memory.S01.1080p.AMZN.WEB-DL.CMN.DDP2.0.H.264.MSubs-ToonsHub/False.Memory.S01E03.1080p.AMZN.WEB-DL.CMN.DDP2.0.H.264.MSubs-ToonsHub.mkv,171
1789384362,,,/home/nhut/Videos/False.Memory.S01.1080p.AMZN.WEB-DL.CMN.DDP2.0.H.264.MSubs-ToonsHub/False.Memory.S01E04.1080p.AMZN.WEB-DL.CMN.DDP2.0.H.264.MSubs-ToonsHub.mkv,171
1789384368,,,/home/nhut/Videos/False.Memory.S01.1080p.AMZN.WEB-DL.CMN.DDP2.0.H.264.MSubs-ToonsHub/False.Memory.S01E03.1080p.AMZN.WEB-DL.CMN.DDP2.0.H.264.MSubs-ToonsHub.mkv,171
1789384781,,,/home/nhut/Videos/False.Memory.S01.1080p.AMZN.WEB-DL.CMN.DDP2.0.H.264.MSubs-ToonsHub/False.Memory.S01E04.1080p.AMZN.WEB-DL.CMN.DDP2.0.H.264.MSubs-ToonsHub.mkv,171
1789384820,,,/home/nhut/Projects/False Memory/EP2/False.Memory.S01E02.1080p.AMZN.WEB-DL.CMN.DDP2.0.H.264.MSubs-ToonsHub.mkv,123
1789387000,84,ĐẠI KHẢI HOÀN | Sân Khấu Dũng Sĩ | Anh Trai Vượt Ngàn Chông Gai 2026,https://www.youtube.com/watch?v=j7_nNGy80GE&pp=ygUhYW5oIHRyYWkgdsaw4bujdCBuZ8OgbiBjaMO0bmcgZ2Fp,194
